longdist;internat;local;locplan;ldplan;age;sex;marital;car_own;status
50,91;21,21;124,6;Standard;Standard;68;M;M;N;Current
45,52;22,79;119,77;Standard;Standard;45;M;M;N;Closed
51,54;14,29;108,71;Standard;Standard;21;F;M;Y;Current
54,21;12,77;111,43;Standard;Discount;37;M;M;Y;Current
60,57;19;117,09;Standard;Standard;22;M;M;Y;Current
51,24;15,42;121,84;Discount;Discount;62;F;S;N;Closed
48,01;21,03;113,77;Standard;Standard;59;M;S;Y;Current
56,93;17,94;124,88;Discount;Discount;79;F;S;Y;Closed
51,67;19,24;112,97;Standard;Standard;23;F;S;N;Current
49,6;14,21;118,23;Standard;Standard;37;F;S;N;Current
47,13;12,77;120,92;Standard;Standard;39;F;S;N;Current
47,52;5,92;134,76;Standard;Standard;30;F;S;Y;Closed
46,04;8,08;121,17;Standard;Discount;41;F;M;N;Closed
43,13;14,99;120,55;Standard;Discount;57;M;M;N;Current
45,92;18,17;117,24;Discount;Standard;32;M;S;N;Closed
52,5;19,16;117,26;Standard;Standard;63;M;M;N;Closed
37,77;8,81;109,81;Standard;Discount;32;M;S;Y;Current
46,53;22,37;116,45;Standard;Standard;43;M;S;Y;Current
55,56;17,98;115,43;Standard;Standard;53;M;M;N;Current
48,42;18,61;109,22;Standard;Standard;80;M;M;Y;Current
52,18;19,55;120,77;Discount;Standard;76;M;M;Y;Closed
56,8;21,32;116,8;Standard;Standard;46;F;M;N;Current
40,94;13,88;115,36;Standard;Standard;29;M;M;N;Current
34,99;11,76;110,32;Discount;Discount;44;M;S;N;Closed
47,55;19,31;119,43;Discount;Standard;42;M;M;N;Closed
48,94;13,27;111,28;Standard;Discount;48;M;M;Y;Current
43,03;22,5;113,08;Standard;Standard;21;F;M;N;Current
55,04;13,36;122,9;Standard;Standard;50;F;M;Y;Current
56,13;20,73;120,23;Standard;Standard;38;M;M;N;Current
46,31;15,71;116,58;Standard;Discount;29;M;M;N;Current
62,05;15,42;119,61;Standard;Standard;68;M;S;Y;Current
51,27;20,65;117,67;Standard;Discount;27;F;M;Y;Current
50,52;16,43;126,14;Standard;Discount;25;M;M;N;Current
56,25;17,75;113,99;Standard;Standard;40;F;M;Y;Closed
51,88;13,93;118,09;Discount;Standard;34;F;M;N;Current
56,49;13,44;121,95;Standard;Standard;46;M;M;N;Current
45,55;15,26;117,06;Discount;Standard;75;F;M;N;Current
52,27;11,81;129,19;Standard;Standard;48;F;M;N;Closed
47,2;10,2;119,8;Standard;Standard;18;M;S;N;Current
49,94;8,76;122,05;Standard;Standard;28;F;M;Y;Current
52,73;7,58;111,53;Standard;Standard;70;M;S;N;Current
43,92;13,65;123,19;Standard;Discount;50;F;S;N;Closed
49,41;15,05;120,67;Standard;Standard;31;M;M;Y;Current
61,65;6,64;121,89;Standard;Standard;36;M;S;N;Current
52,96;18,63;118,33;Standard;Discount;62;F;S;N;Closed
47,06;18,4;118,86;Standard;Standard;25;F;S;N;Closed
52,09;12,07;115,83;Standard;Standard;32;F;M;Y;Current
47,73;13,63;120,69;Discount;Standard;18;F;S;Y;Closed
58,06;20,29;120,78;Standard;Discount;45;F;M;Y;Closed
40,35;8,13;118,61;Standard;Standard;34;F;S;N;Current
50,67;12,7;115,77;Standard;Standard;30;F;M;N;Current
58,91;18,4;122,64;Standard;Standard;56;M;S;N;Current
50,74;11,38;119,91;Standard;Standard;63;F;S;N;Current
56,07;13,03;121,49;Discount;Discount;38;M;S;N;Current
51,77;13,35;114,69;Discount;Standard;62;M;M;N;Current
48,01;19,17;121,58;Standard;Discount;45;F;S;N;Current
49,77;15,68;125,25;Standard;Discount;40;F;S;N;Closed
41,33;11,9;120,63;Standard;Standard;25;M;S;Y;Current
50,48;16,04;124,62;Standard;Standard;35;F;M;Y;Closed
53,52;21,13;130,18;Standard;Standard;30;F;M;N;Current
55,65;16,4;116,73;Discount;Discount;46;F;M;N;Current
59,67;13,28;116,13;Standard;Standard;33;M;M;N;Current
48,95;19,03;120,75;Standard;Standard;26;M;S;N;Closed
50,74;29,02;113,97;Standard;Standard;27;M;S;N;Current
55,37;15,74;123,21;Standard;Discount;64;M;M;N;Current
47,34;20,5;123,2;Standard;Standard;48;F;M;N;Closed
50,54;15,94;118,58;Standard;Standard;24;F;M;Y;Closed
48,21;19,39;128,22;Discount;Discount;80;F;S;N;Closed
46,91;19,03;116,11;Standard;Discount;30;F;M;N;Closed
53,97;15,16;122,02;Standard;Standard;47;F;M;N;Current
45,44;15,3;115,81;Standard;Discount;20;M;S;Y;Current
57,4;17,91;121,37;Discount;Standard;23;F;S;N;Current
57,31;21,71;119,14;Standard;Discount;28;F;M;N;Closed
55,78;19,33;112,26;Discount;Discount;60;M;M;N;Current
48,03;14,79;109,49;Standard;Standard;43;F;M;N;Closed
48,8;17,94;115,77;Standard;Standard;42;F;M;N;Closed
59,04;12,85;113,14;Standard;Discount;20;F;M;N;Current
49,26;10,43;126,49;Standard;Standard;37;F;S;Y;Current
50,72;7,77;113,97;Discount;Standard;57;F;M;N;Closed
52,83;16,14;128,47;Standard;Discount;64;M;M;N;Current
48,86;13,33;112,47;Standard;Discount;21;M;M;N;Current
43,19;19,82;119,37;Discount;Standard;52;M;M;N;Current
58,7;20,6;108,14;Standard;Standard;70;M;M;N;Current
51,8;11,92;112,76;Standard;Discount;50;M;M;Y;Current
57,01;16,57;125,33;Discount;Standard;75;M;M;N;Closed
47,18;15,52;127,21;Discount;Discount;50;F;S;N;Closed
52,03;16,19;122,21;Standard;Discount;55;M;S;N;Closed
54,4;28,64;115,39;Standard;Discount;46;F;M;N;Closed
49,07;12,05;125,71;Discount;Discount;45;F;S;N;Current
38,17;15,67;108,47;Standard;Standard;42;M;M;N;Closed
44,78;8,31;115,58;Standard;Discount;54;F;S;N;Current
54,67;9,45;113,16;Standard;Standard;64;F;S;N;Closed
45,47;12,91;124,38;Standard;Standard;28;F;S;N;Closed
48,46;22,42;127,25;Standard;Standard;54;M;M;N;Current
44,47;11,75;123,9;Standard;Standard;50;F;M;N;Closed
51,31;10,09;120,53;Standard;Standard;48;M;S;Y;Current
47,7;12,72;115,57;Standard;Discount;66;M;S;Y;Closed
52,14;10,73;116,49;Standard;Discount;56;F;S;Y;Closed
45,42;17,21;121,57;Standard;Standard;26;M;M;N;Current
43,6;14,04;121,71;Standard;Discount;33;F;M;Y;Current
45,88;19,28;114,75;Discount;Standard;55;F;M;Y;Closed
46,96;11,57;112,82;Standard;Standard;29;M;S;Y;Current
54,02;14,48;116,91;Discount;Standard;34;M;S;N;Closed
49,7;12,21;120,2;Standard;Standard;40;F;M;Y;Closed
48,23;13,63;131,83;Standard;Standard;63;F;S;N;Closed
43,9;17,25;109,84;Discount;Standard;58;M;M;N;Current
59,7;13,32;123,59;Standard;Standard;30;M;S;N;Current
46,48;12,53;123,35;Standard;Discount;61;M;S;N;Current
51,9;17,56;120,91;Standard;Standard;46;F;S;N;Current
56,31;13,85;121,46;Standard;Standard;33;F;S;Y;Current
49,82;13,69;121,1;Standard;Standard;32;F;S;N;Closed
53,45;12,27;122,47;Standard;Discount;27;F;S;Y;Closed
61,98;11,8;110,77;Standard;Discount;23;M;M;N;Current
54,92;14,19;117,91;Standard;Standard;75;M;M;Y;Current
47,21;14,38;113,8;Discount;Standard;20;F;M;N;Closed
45,83;16,49;114,09;Standard;Standard;65;M;M;Y;Current
49,81;22,87;125,56;Standard;Standard;20;M;M;Y;Current
51,08;14,37;119,23;Discount;Discount;21;F;M;N;Closed
52,14;0;117,6;Discount;Standard;42;F;M;N;Closed
48,98;14,27;115,38;Standard;Discount;31;M;S;Y;Current
50,94;7;119,09;Standard;Standard;31;M;S;N;Current
60,11;13,94;120,13;Standard;Discount;59;M;M;N;Current
43,74;10,18;117,65;Standard;Discount;79;F;S;N;Closed
52,53;8,2;118,15;Discount;Standard;71;F;S;N;Closed
43,62;8,76;108,45;Standard;Standard;30;F;M;N;Current
57,22;9,2;122,57;Standard;Discount;60;M;S;N;Current
43,95;10,49;115,43;Standard;Standard;69;M;M;N;Closed
51,42;6,95;122,72;Standard;Discount;74;F;S;Y;Closed
55,54;6,83;117,18;Standard;Standard;28;M;M;N;Current
42,9;17,12;120,66;Standard;Discount;37;F;S;Y;Current
48,12;10,49;109,01;Standard;Standard;45;F;M;N;Closed
54,75;15,17;123,34;Standard;Standard;30;F;M;N;Closed
50,44;11,51;121,71;Standard;Standard;32;M;M;N;Closed
49,96;8,99;114,9;Standard;Standard;75;F;S;N;Closed
44,33;11,61;121,73;Standard;Standard;55;F;M;N;Current
55,44;20,67;130,02;Standard;Standard;43;M;M;Y;Current
59,79;20,22;118,15;Standard;Standard;53;M;M;Y;Current
53,28;19,75;126,26;Standard;Standard;30;F;M;Y;Current
48,21;20,86;123,04;Discount;Discount;46;M;M;N;Current
40,84;11,99;126,68;Discount;Standard;71;F;M;Y;Current
46,62;16,25;117,14;Standard;Discount;53;M;M;Y;Current
49,81;12,3;117,89;Standard;Discount;65;F;M;N;Closed
42;16,43;117,11;Discount;Discount;18;M;M;N;Current
52,06;10,16;116,78;Standard;Standard;79;F;M;N;Current
55,35;18,65;113,35;Standard;Discount;77;F;M;N;Current
56,56;26,22;126,3;Discount;Discount;69;M;S;N;Current
55,07;14,19;132,58;Standard;Discount;54;M;S;N;Current
55,17;7,22;119,86;Standard;Standard;40;F;S;Y;Closed
38,99;8,86;117,67;Standard;Standard;58;F;M;N;Current
57,37;19,02;117,28;Standard;Standard;65;M;M;N;Current
50,19;5,17;116,72;Standard;Standard;78;F;S;N;Closed
57,58;20,59;122,74;Standard;Standard;26;M;S;N;Closed
49,65;14,76;121,19;Standard;Standard;39;M;S;N;Current
53,84;21,39;118,03;Standard;Standard;76;F;M;N;Closed
45,87;10,92;123,51;Standard;Standard;78;M;M;N;Current
59,82;9,85;116,1;Standard;Standard;32;F;M;N;Closed
44,2;14,33;121,73;Standard;Standard;27;F;M;N;Current
50,94;21,32;117,41;Discount;Discount;62;M;M;N;Current
52,15;15,57;123,14;Standard;Standard;47;F;M;N;Closed
53,6;16,22;117,63;Standard;Discount;30;M;M;N;Current
55,84;16,91;116,12;Standard;Discount;56;M;S;Y;Current
53,25;21,7;119,16;Standard;Standard;53;M;M;N;Current
50,36;20,59;121,44;Standard;Standard;77;M;S;N;Closed
55,28;17,78;124,44;Standard;Standard;19;F;S;N;Current
50,22;14,94;109,43;Standard;Standard;40;M;S;Y;Current
49,51;11,52;121,25;Discount;Standard;18;F;S;N;Closed
54,14;5,36;119,99;Standard;Standard;70;M;M;N;Closed
52,74;13,89;127,18;Discount;Standard;48;M;M;N;Current
45,58;18,61;117,24;Discount;Standard;40;M;S;N;Current
52,9;17,31;126,12;Standard;Discount;78;F;S;Y;Current
45,02;10,66;121,39;Standard;Discount;41;F;M;N;Closed
60,01;15,08;120,69;Standard;Standard;80;F;M;Y;Current
53,53;14,03;118,43;Discount;Standard;38;M;M;N;Current
39,1;11,31;118,99;Standard;Standard;67;M;M;N;Current
41,57;15,35;121,12;Standard;Discount;48;F;S;N;Current
50,19;15,95;115,56;Discount;Discount;75;F;M;N;Current
46,27;19,53;111,86;Discount;Standard;53;F;S;N;Current
45,88;16,24;116,77;Standard;Standard;65;M;S;Y;Current
49,35;9,61;126,81;Standard;Standard;26;M;M;Y;Current
56,26;10,32;113,33;Standard;Standard;30;M;S;N;Closed
41,62;9,72;121,3;Discount;Standard;27;M;S;N;Current
48,76;8,95;126,7;Standard;Discount;26;M;S;N;Closed
38,44;7,54;122,02;Standard;Standard;31;M;S;N;Current
56,92;16,73;120,05;Discount;Standard;18;F;S;Y;Current
48,51;15,25;118,71;Standard;Discount;71;F;M;N;Current
54,19;16,06;116,23;Discount;Standard;49;F;M;N;Closed
51,79;17,9;126,15;Standard;Discount;24;M;M;N;Closed
52,46;13;122,48;Standard;Discount;70;F;M;N;Current
59,61;6,3;114,49;Standard;Standard;37;F;M;N;Current
53,25;7,79;113,69;Discount;Discount;33;M;M;N;Current
51,06;17,11;125,5;Standard;Standard;68;M;M;Y;Current
53,87;13,94;112,93;Standard;Standard;43;F;S;N;Closed
50,95;15,37;123,63;Standard;Discount;29;F;M;N;Current
52,66;16,94;128,04;Standard;Standard;21;F;S;N;Current
47,97;16,17;115,88;Standard;Standard;26;F;M;N;Closed
55,06;18,39;114,45;Standard;Standard;54;M;S;Y;Current
51,32;16,73;118,65;Standard;Discount;48;M;S;N;Current
43,94;13,8;122,33;Standard;Discount;72;F;S;N;Current
48,5;17,59;112,12;Standard;Discount;69;M;M;N;Closed
41,14;24,32;122,93;Discount;Discount;60;M;S;N;Current
44,75;15,56;119,58;Standard;Standard;65;F;S;N;Closed
52,05;19,11;113,71;Standard;Discount;78;F;M;Y;Current
59,54;14,17;116,2;Standard;Discount;69;M;M;Y;Closed
43,94;9,95;119,14;Standard;Standard;45;M;M;N;Current
50,31;16,65;123,61;Standard;Standard;46;F;M;N;Closed
51,78;21,68;118,48;Discount;Standard;72;F;S;N;Current
49,26;17,01;119,12;Discount;Standard;45;M;M;N;Closed
47,97;16,45;115,12;Standard;Standard;40;M;S;N;Current
58,89;15,99;120,42;Standard;Standard;47;F;S;Y;Closed
52,63;11,2;128,8;Standard;Standard;21;F;M;Y;Closed
47,83;12,64;115,07;Standard;Standard;20;M;S;N;Current
45,47;13,12;126,88;Standard;Discount;56;M;S;N;Current
50,18;23,24;119,14;Standard;Standard;77;F;M;N;Closed
51,58;20,91;114,36;Discount;Standard;61;F;M;N;Current
47,53;15,09;116,87;Discount;Standard;64;M;M;N;Closed
48,3;15,51;119,47;Standard;Discount;29;M;M;N;Current
50,69;17,95;106,17;Standard;Standard;80;F;S;Y;Closed
44,4;13,34;115,76;Discount;Standard;22;F;S;N;Closed
49,58;15,93;120,16;Discount;Standard;42;M;M;Y;Current
44,26;8,75;124,24;Standard;Standard;49;F;M;Y;Closed
42,36;13,64;120,45;Standard;Discount;34;M;S;N;Current
47,59;26,49;130,6;Standard;Standard;24;M;S;Y;Current
47,72;14,99;111,76;Standard;Standard;56;M;S;N;Closed
47,17;17,25;113,17;Standard;Discount;36;F;M;N;Current
44,49;8,71;121,14;Standard;Standard;74;M;S;N;Closed
53,05;11,63;129,45;Standard;Standard;44;F;M;N;Closed
49,58;19,42;120,31;Standard;Discount;44;M;M;N;Current
57,24;4,3;128,42;Discount;Standard;80;M;S;Y;Closed
50,35;7,08;119,55;Discount;Standard;35;M;M;Y;Current
44,3;12,9;117,04;Discount;Standard;45;F;S;N;Closed
52,51;6,24;118,41;Standard;Standard;67;M;M;N;Current
58,53;7,85;109,99;Discount;Discount;32;F;M;Y;Closed
52,5;15,4;124,16;Standard;Standard;52;M;M;N;Current
48,3;14,04;119,89;Standard;Standard;70;F;M;Y;Closed
50,15;11,38;123,51;Standard;Discount;21;M;M;N;Closed
43,14;15,29;131,72;Discount;Standard;67;F;M;N;Closed
53,88;10,51;121,12;Standard;Standard;28;F;M;N;Closed
53,58;11,22;123,06;Standard;Standard;46;F;M;Y;Closed
55,1;13,68;118,27;Standard;Standard;54;M;M;N;Closed
45,26;11,56;125,74;Standard;Discount;48;M;S;N;Current
44,63;19,94;114,42;Discount;Standard;30;M;M;N;Current
51,26;19,27;121,29;Standard;Discount;52;F;M;N;Current
52,82;16,2;115,76;Standard;Discount;79;F;M;N;Current
43,15;9,66;117,8;Standard;Standard;45;F;M;N;Closed
42,78;10,07;124,29;Standard;Standard;25;F;S;N;Closed
47,01;10,33;123,97;Standard;Standard;36;M;S;Y;Current
46,41;13,4;130,61;Standard;Standard;42;M;M;Y;Current
49,7;11,46;120,69;Standard;Standard;53;F;M;Y;Current
44,24;18,17;122;Standard;Discount;41;F;M;N;Current
52,36;15,03;123,95;Discount;Standard;58;M;M;N;Current
45,29;17,77;122,31;Standard;Standard;50;F;M;Y;Current
45,1;20,24;115,33;Standard;Discount;47;M;S;Y;Current
55,57;13,32;123,18;Standard;Standard;34;M;S;Y;Current
47,71;12,58;115,76;Standard;Standard;54;F;M;N;Closed
56,35;16,27;121,05;Standard;Discount;56;F;M;N;Closed
48,91;9,69;116,6;Discount;Discount;51;F;M;N;Closed
50,84;17,33;115,07;Discount;Standard;33;M;M;N;Current
52,63;20,15;121,31;Standard;Discount;73;F;M;N;Current
47,38;8,68;113,93;Discount;Standard;65;F;M;N;Closed
49,05;13,16;118,13;Standard;Standard;44;F;M;N;Closed
58,06;10,33;126,11;Discount;Standard;64;F;M;N;Closed
60,16;18,84;110,37;Discount;Discount;34;M;S;N;Current
46,98;13,82;126,71;Discount;Discount;38;F;M;Y;Current
43,52;15,48;124,89;Standard;Standard;42;F;S;N;Closed
50,96;11,93;129,97;Standard;Standard;19;M;M;Y;Current
56,28;17,8;129,26;Standard;Discount;72;F;S;Y;Current
54,55;13,87;118,72;Discount;Discount;65;F;S;N;Current
58,42;17,32;120,94;Standard;Standard;59;F;M;Y;Closed
52,4;8,58;126,73;Standard;Standard;53;M;S;N;Current
51,4;19,25;126,77;Standard;Standard;31;F;S;Y;Closed
52,89;12,52;118,13;Standard;Standard;79;F;M;Y;Closed
53,29;20,65;109,55;Standard;Standard;53;M;M;N;Current
55,98;14,07;122,74;Standard;Standard;42;F;S;N;Closed
50,87;18,73;118,78;Standard;Standard;48;F;M;Y;Closed
49,72;14,55;119,96;Discount;Discount;25;M;M;N;Closed
45,62;5,62;118,56;Standard;Standard;32;F;M;Y;Current
38,91;10,25;111,77;Standard;Discount;68;M;S;N;Current
48,06;20,29;124,75;Discount;Standard;40;F;S;Y;Closed
45,65;18,69;130,7;Standard;Standard;44;F;S;N;Closed
62,47;9,14;126,59;Standard;Discount;19;F;S;N;Closed
37,94;25,95;112,86;Standard;Standard;36;M;S;Y;Closed
55,34;14,64;116,11;Discount;Standard;59;F;S;Y;Closed
52,64;23,26;127,05;Standard;Standard;77;M;S;N;Closed
57,32;8,58;130,85;Discount;Standard;51;F;S;N;Current
51,53;14,21;112,24;Standard;Standard;23;M;M;N;Current
52,3;17,18;119,42;Standard;Discount;56;M;M;N;Current
49,44;14,34;119,12;Standard;Discount;65;F;S;Y;Closed
50,34;21,08;105,83;Standard;Standard;40;F;S;N;Closed
55,05;12,64;124,47;Discount;Discount;40;M;S;N;Current
48,31;13,95;123,1;Standard;Standard;63;M;M;Y;Current
50,31;25,4;120,79;Standard;Standard;20;M;S;N;Closed
55,9;19,37;118,1;Standard;Discount;55;M;S;N;Closed
51,3;13,64;131,07;Standard;Standard;30;M;M;N;Current
56;4,7;118,78;Standard;Standard;25;F;S;N;Current
56,32;12,49;119,91;Standard;Standard;45;F;M;N;Closed
47,99;10,54;122,45;Standard;Standard;32;M;M;N;Current
59,32;14,93;114,59;Standard;Standard;53;F;M;Y;Closed
48,16;14,48;124,87;Discount;Discount;62;M;M;Y;Current
54,67;14,68;118,96;Standard;Standard;40;F;S;N;Closed
58,36;19,45;122,19;Standard;Standard;47;F;M;Y;Closed
57,4;19,59;118,62;Discount;Standard;73;F;S;N;Current
54,97;18,51;117,37;Standard;Discount;47;F;M;N;Closed
48,65;19,55;112,17;Discount;Standard;40;F;M;Y;Closed
60,74;22,22;114,03;Standard;Discount;63;F;M;N;Closed
44,17;12,79;126,73;Standard;Discount;47;F;S;N;Closed
44,13;24,68;129,33;Standard;Standard;52;F;S;N;Closed
49,8;12,73;120,43;Standard;Standard;36;M;S;N;Current
41,03;22,65;111,97;Standard;Standard;45;M;M;N;Current
59,26;12,09;124,11;Standard;Standard;49;F;S;N;Closed
55,54;22,41;118,81;Standard;Discount;49;F;M;N;Closed
47,23;19,76;131,73;Standard;Standard;21;M;S;N;Current
48,6;15,84;128,79;Standard;Standard;73;M;S;N;Current
49,37;20,02;119,88;Standard;Standard;30;M;S;N;Current
43,92;19,28;107,41;Standard;Standard;42;F;M;N;Closed
60,4;15,75;115,83;Discount;Discount;63;M;M;N;Current
48,12;18,49;121,43;Standard;Discount;51;F;M;Y;Closed
52,69;6,54;121,37;Standard;Discount;56;M;M;N;Current
45,07;21,74;116,1;Standard;Discount;30;F;M;Y;Current
47,55;13,4;119,77;Standard;Standard;27;M;M;N;Current
42,95;18,74;118,78;Standard;Standard;46;M;M;Y;Current
42,98;9,43;119,24;Standard;Standard;25;M;M;N;Closed
48,75;17,55;116,29;Standard;Standard;24;M;M;N;Current
53,38;18;119,3;Discount;Standard;48;M;M;Y;Current
51,25;18,06;105,34;Standard;Standard;48;F;S;N;Current
44,47;16,75;115,28;Standard;Standard;50;M;S;Y;Current
49,19;9,41;122,75;Standard;Standard;21;M;M;N;Closed
34,21;9,55;112,53;Standard;Standard;29;F;M;N;Closed
55,21;16,75;121,59;Standard;Standard;20;M;M;N;Closed
52,18;17,02;120,47;Standard;Standard;33;F;M;N;Current
46,54;20,9;123,96;Standard;Standard;36;M;S;N;Closed
51,63;13,88;120,16;Discount;Standard;27;M;M;N;Current
51,65;15,29;125,63;Standard;Standard;50;M;M;N;Current
51,5;9,97;117,87;Standard;Standard;19;F;M;N;Closed
46,92;27,22;133,76;Standard;Discount;52;M;S;Y;Closed
55,5;17,38;120,42;Standard;Standard;79;M;M;Y;Current
56,24;19,64;122,62;Standard;Standard;67;M;S;Y;Current
47,53;13,48;118,07;Discount;Standard;36;F;M;Y;Closed
47,41;11,82;124,01;Standard;Standard;27;M;M;N;Current
53,81;15,07;122,72;Standard;Discount;79;M;M;N;Current
43,31;6,24;118,99;Standard;Standard;22;M;S;N;Closed
47,52;19,73;118,88;Standard;Standard;56;F;S;Y;Closed
37,04;9,98;115,11;Standard;Standard;63;F;S;Y;Closed
53,47;11,32;117,09;Discount;Standard;57;M;S;N;Current
54,71;15,88;121,62;Standard;Discount;44;F;S;N;Closed
49,53;14,17;116,43;Standard;Standard;71;F;S;N;Closed
50,96;10,02;124,41;Standard;Standard;19;F;S;N;Closed
46,69;12,94;122,68;Discount;Standard;77;F;M;N;Current
62,07;11,47;125,22;Standard;Standard;49;M;M;Y;Current
45,09;7,97;120,1;Standard;Standard;18;M;S;N;Closed
48,93;17,72;124,18;Standard;Discount;59;M;M;N;Current
53,56;19,84;121,07;Standard;Standard;37;F;M;Y;Current
42,56;14;129,29;Discount;Standard;39;F;M;N;Current
23,89;0;65,22;Standard;Standard;50;F;M;N;Closed
25,35;0;60,57;Discount;Standard;22;F;M;N;Closed
23,89;,21;69,59;Standard;Discount;37;M;S;N;Current
22,52;0;67,55;Standard;Discount;27;F;S;N;Current
22,59;2,6;59,12;Standard;Standard;79;F;M;Y;Closed
22,56;9,68;71,16;Standard;Discount;55;F;M;N;Current
26,74;4,14;62,46;Standard;Discount;34;F;S;Y;Current
23,74;5,54;60,54;Standard;Standard;66;M;M;Y;Closed
25,45;0;52,29;Standard;Standard;67;F;M;Y;Closed
19,65;0;50,78;Standard;Discount;21;M;M;N;Current
23,38;2,38;69,72;Standard;Standard;57;F;M;N;Current
25,73;0;51,08;Standard;Standard;60;F;S;N;Closed
31,81;0;53,83;Standard;Discount;29;F;S;N;Closed
22,62;5,89;71,12;Standard;Standard;25;F;S;Y;Current
27,76;0;63,72;Standard;Discount;49;F;M;N;Current
16,59;0;61,72;Standard;Discount;41;M;M;N;Current
24,71;0;61,47;Discount;Discount;59;F;M;N;Closed
30,29;5,68;57,02;Standard;Standard;39;F;S;N;Current
24,82;1,9;60,21;Standard;Standard;30;F;M;N;Closed
14,12;0;56,47;Discount;Standard;18;M;M;Y;Current
17,76;,36;60,23;Standard;Standard;29;F;S;N;Current
23,07;0;69,43;Standard;Standard;51;F;M;Y;Current
19,69;10,43;55,13;Standard;Standard;62;M;S;N;Current
20,94;4,16;58,37;Standard;Standard;34;F;M;N;Closed
27,66;0;63,61;Standard;Standard;62;M;M;N;Current
17,83;0;57,77;Standard;Standard;61;M;S;N;Current
26,31;,79;63,44;Standard;Standard;39;M;M;N;Current
25,31;0;63,03;Standard;Standard;25;F;M;N;Closed
20,3;2,06;65,59;Discount;Discount;64;M;S;Y;Current
26,42;0;52,6;Standard;Standard;29;M;S;Y;Closed
20,77;0;69,41;Standard;Standard;33;M;M;Y;Current
20,85;0;57,5;Standard;Discount;44;M;M;Y;Closed
25,84;4,26;64,35;Standard;Standard;68;M;M;N;Current
32,58;0;59,66;Standard;Standard;52;F;S;N;Closed
24,34;6,55;61,81;Standard;Standard;43;F;M;N;Current
19,71;0;67,82;Standard;Discount;67;F;S;N;Closed
28,56;0;58,3;Standard;Discount;58;M;S;N;Current
23,36;0;55,96;Standard;Standard;27;M;M;N;Current
25,38;0;57,68;Standard;Standard;77;F;S;N;Current
32,23;8,74;62,45;Standard;Standard;34;M;S;N;Current
27,81;0;67,97;Standard;Discount;19;F;M;N;Current
22,85;0;68,52;Standard;Standard;41;F;M;N;Closed
19,45;4,49;59,12;Standard;Standard;47;F;S;N;Closed
27,08;0;62,44;Standard;Standard;43;F;M;N;Closed
31,49;0;69,85;Discount;Standard;61;M;M;N;Closed
20,75;0;68,09;Standard;Standard;52;F;M;N;Closed
21,57;,64;50,42;Discount;Discount;39;F;M;N;Current
17,45;0;69,77;Standard;Standard;38;M;M;Y;Current
25,67;,48;62,84;Discount;Standard;30;F;M;N;Current
17,5;3,64;53,71;Standard;Standard;62;F;M;N;Closed
25,95;0;60;Standard;Standard;44;F;M;N;Closed
23,31;,5;65,83;Standard;Discount;46;F;S;N;Closed
26,15;3,45;60,17;Standard;Standard;23;F;S;N;Current
28,26;,23;46,64;Standard;Standard;32;F;S;Y;Current
21;0;72,43;Standard;Standard;22;M;M;Y;Current
27,15;0;64,31;Standard;Standard;64;M;S;Y;Current
26,35;1,2;55,77;Standard;Standard;18;F;S;Y;Closed
19,15;2,02;58,27;Discount;Standard;32;F;M;N;Closed
26,43;0;61,42;Standard;Standard;36;F;M;N;Current
29,89;0;63,24;Discount;Standard;42;F;M;N;Current
36,06;0;59,58;Standard;Standard;63;M;S;N;Current
31,96;0;67,64;Standard;Discount;74;M;M;N;Closed
21,94;7,99;58,94;Standard;Discount;18;M;M;N;Closed
24,36;0;48,91;Standard;Discount;50;F;M;N;Closed
25,32;4,86;63,29;Standard;Discount;61;M;M;N;Current
27,57;4,04;66,67;Standard;Standard;49;M;M;N;Closed
26,5;0;63,85;Standard;Discount;65;F;S;N;Closed
31,66;0;56,99;Discount;Standard;34;M;M;Y;Current
25,08;2,77;55,47;Standard;Standard;76;F;M;N;Closed
23,42;,85;66,01;Standard;Standard;62;M;S;Y;Current
22,92;0;61,95;Discount;Standard;18;F;M;N;Closed
30,39;,59;58,01;Standard;Discount;38;F;M;N;Current
30,13;8,99;59,84;Standard;Discount;55;F;M;N;Closed
29,51;6,18;56,23;Standard;Discount;61;M;M;N;Current
29,74;2,77;57,5;Discount;Discount;32;F;M;N;Current
24,18;0;57,53;Standard;Standard;55;M;M;N;Current
21,28;,78;70,8;Discount;Standard;36;M;M;N;Current
24,18;0;57,23;Standard;Standard;26;F;S;N;Current
33,82;10;66,68;Standard;Standard;46;M;S;N;Current
33,7;0;55,03;Discount;Standard;39;F;M;Y;Current
25,54;0;53,84;Discount;Discount;28;F;M;N;Closed
24,92;1,85;62,23;Standard;Standard;37;F;S;Y;Current
24,16;1,76;58,2;Standard;Standard;27;M;M;N;Current
36,82;4,78;54,73;Standard;Standard;22;F;M;N;Closed
19,14;0;53,51;Standard;Standard;33;F;M;Y;Closed
20,85;0;59,36;Standard;Discount;60;F;M;N;Closed
21,95;0;67,89;Standard;Standard;29;M;M;Y;Current
40,51;1,55;55,68;Standard;Standard;46;M;M;N;Current
22,65;0;57,63;Standard;Standard;21;F;M;N;Current
23,44;1,14;62,87;Standard;Standard;48;M;M;Y;Current
29,88;0;56,19;Discount;Standard;36;M;S;N;Current
29,76;0;59,16;Standard;Standard;41;F;S;Y;Closed
22,22;2,94;53,24;Standard;Standard;23;F;M;Y;Closed
36,17;0;56,72;Standard;Discount;28;F;M;N;Closed
27,4;4,89;52,53;Standard;Standard;37;F;M;N;Closed
24,1;0;61,71;Standard;Standard;19;F;M;Y;Current
17,31;0;57,91;Standard;Discount;23;F;S;N;Closed
32,4;0;67,27;Discount;Standard;39;F;M;N;Current
32,09;0;65,81;Standard;Standard;55;M;S;N;Current
19,69;0;65,82;Discount;Standard;48;M;S;N;Current
27,6;3,85;57,38;Standard;Discount;28;M;M;N;Current
25,2;0;58,5;Standard;Discount;45;M;M;N;Current
18,64;0;61,87;Standard;Standard;60;F;M;N;Closed
18,66;0;64,95;Standard;Discount;29;F;S;N;Closed
19,82;0;58,08;Standard;Standard;44;F;S;Y;Closed
21,93;0;62,29;Discount;Standard;48;M;M;N;Current
23,37;0;57,45;Standard;Standard;30;F;M;Y;Closed
23,72;0;57,59;Standard;Standard;57;M;M;N;Current
30,52;0;62,2;Standard;Standard;41;M;M;Y;Closed
19,69;0;62,29;Standard;Standard;19;F;S;N;Closed
23,15;0;48,63;Standard;Standard;38;M;M;N;Current
26,4;1,92;55,77;Standard;Standard;79;F;S;N;Closed
22,65;0;56,74;Standard;Standard;25;M;M;N;Closed
24,7;0;54,24;Standard;Standard;76;M;M;N;Current
23,51;0;64,64;Discount;Discount;49;F;M;N;Closed
15,81;0;49,6;Standard;Standard;33;M;S;Y;Current
28,01;0;63,13;Discount;Standard;77;M;M;Y;Current
23,35;2,63;58,54;Standard;Standard;33;M;M;N;Current
24,11;0;63,41;Discount;Standard;56;M;M;Y;Current
22,42;0;56,62;Standard;Standard;33;F;S;N;Closed
26,85;0;67,68;Discount;Standard;54;F;M;N;Current
35,37;6,62;52,67;Standard;Standard;64;M;M;N;Current
25,16;0;57,96;Standard;Standard;54;F;M;N;Closed
30,96;0;56,25;Standard;Standard;65;M;M;Y;Current
30,12;,07;53,22;Discount;Discount;31;F;S;N;Current
39,94;7,2;63,25;Standard;Standard;22;F;M;N;Current
20,17;2,02;54,24;Discount;Discount;55;F;S;N;Current
27,98;0;66,64;Standard;Standard;21;F;M;N;Current
22,86;,36;57,26;Standard;Standard;54;F;S;Y;Current
30,11;0;64,58;Discount;Standard;78;F;S;N;Current
25,56;0;54,59;Discount;Standard;70;M;S;N;Current
19,55;3,66;46,14;Standard;Discount;73;M;S;N;Closed
19,08;0;48,64;Discount;Standard;19;M;S;Y;Closed
21;1,05;62,18;Standard;Standard;26;F;S;N;Current
23,26;0;54,7;Discount;Standard;34;F;S;N;Current
24,15;1,8;51,83;Standard;Standard;41;M;M;Y;Current
29,81;1,54;64,06;Standard;Standard;18;M;S;Y;Closed
27,28;,59;64,97;Discount;Standard;39;M;S;N;Current
23,51;1,4;55,65;Standard;Standard;18;F;M;N;Current
22,73;6,96;61,81;Standard;Standard;40;F;S;N;Closed
26,34;2,19;64,39;Standard;Standard;44;M;M;N;Closed
22,61;7,67;60,26;Standard;Standard;75;M;M;N;Closed
28,39;2;67,97;Standard;Standard;58;F;M;N;Current
26,66;0;59,76;Standard;Standard;55;F;M;Y;Current
35,66;0;49,82;Standard;Discount;34;F;S;N;Current
27,26;11,98;58,92;Standard;Standard;42;M;M;N;Current
31,55;0;58,64;Standard;Standard;67;M;S;N;Current
19,8;0;57,25;Standard;Discount;27;F;S;N;Current
20,56;0;50,99;Standard;Standard;42;M;M;N;Current
22,7;0;53,87;Standard;Standard;23;F;S;N;Closed
22,87;0;62,13;Discount;Standard;76;M;M;N;Current
20,01;0;64,73;Standard;Discount;44;M;S;N;Closed
31,11;0;61,64;Discount;Standard;21;M;S;N;Current
28,47;6,68;68,21;Standard;Discount;48;F;S;N;Closed
26,38;0;65,78;Standard;Standard;41;M;M;Y;Current
16,65;4,59;62,99;Discount;Standard;21;F;M;N;Closed
20,2;3,53;65,61;Standard;Standard;19;M;M;Y;Current
18,51;0;65,14;Discount;Discount;42;M;M;Y;Current
27,18;4,34;60,12;Standard;Standard;35;M;M;N;Current
25,69;8,67;59,62;Standard;Discount;74;F;M;N;Closed
29,74;,14;57,05;Standard;Standard;35;M;S;N;Current
24,91;0;55,84;Standard;Discount;61;F;M;N;Closed
24,41;2,51;67,39;Standard;Standard;35;F;S;N;Closed
26,34;3,93;60,52;Discount;Standard;52;F;M;Y;Closed
23,47;2,2;60,89;Discount;Standard;59;M;M;N;Current
23,06;1,93;67,05;Standard;Discount;43;F;M;Y;Closed
27,9;0;62,62;Discount;Standard;63;M;M;N;Current
29,02;3,68;59,48;Standard;Standard;55;F;M;Y;Closed
26,09;3,82;66,07;Standard;Standard;18;F;M;N;Closed
21,1;0;63,25;Standard;Standard;21;F;M;Y;Closed
22,76;0;52,72;Standard;Standard;23;M;M;N;Closed
24,28;0;51,57;Standard;Standard;48;M;S;N;Current
20,95;3,2;57,85;Standard;Standard;78;M;S;N;Current
19,76;0;57,72;Standard;Standard;49;F;M;N;Closed
27,21;0;63,09;Standard;Standard;59;F;S;Y;Closed
28,69;0;65,27;Discount;Standard;32;M;M;Y;Closed
29,45;0;70,32;Standard;Discount;28;F;S;N;Closed
13,1;1,22;59,75;Standard;Discount;39;M;M;N;Closed
28,91;0;62,23;Standard;Standard;28;M;S;Y;Current
25,74;0;63,68;Standard;Standard;74;M;S;Y;Current
22,78;,75;57,03;Standard;Discount;43;M;M;N;Current
29,49;0;57,59;Standard;Standard;68;M;S;N;Current
17,1;0;57,95;Discount;Discount;31;F;M;N;Current
21,19;0;54,56;Standard;Standard;46;M;M;N;Current
24,11;1,82;60,14;Standard;Standard;55;F;S;N;Current
24,64;1,2;49,97;Standard;Discount;26;M;S;N;Closed
23,63;2,29;59,88;Discount;Standard;32;F;M;N;Closed
16,84;0;63,44;Standard;Discount;40;M;S;Y;Current
27,3;1,86;59,87;Standard;Discount;21;F;M;Y;Current
22,41;0;56,94;Discount;Standard;29;M;S;N;Current
22,46;0;64,73;Standard;Standard;36;M;S;Y;Current
22,22;3,91;65,45;Standard;Standard;26;M;M;N;Closed
23,35;0;60,46;Standard;Standard;20;F;M;Y;Closed
20,99;3,26;60,21;Standard;Standard;20;M;M;N;Closed
22,11;0;59,33;Standard;Discount;39;F;S;Y;Closed
33,25;1,98;51,09;Standard;Discount;68;F;M;Y;Closed
20,78;0;66,03;Standard;Standard;47;F;M;N;Closed
28,36;1,29;57,58;Standard;Standard;18;F;M;N;Current
36,97;0;59,36;Standard;Standard;23;F;M;N;Closed
9,76;0;55,71;Standard;Discount;30;M;M;N;Current
33,41;6,55;64,68;Discount;Standard;43;F;M;Y;Current
32,41;0;59,57;Standard;Standard;39;M;S;N;Current
23,28;,59;63,91;Discount;Standard;77;M;M;Y;Current
26,6;5,09;54,31;Standard;Standard;29;F;M;N;Closed
26,79;2,69;60,92;Standard;Discount;21;F;S;N;Closed
17,15;0;54,65;Standard;Discount;42;F;M;N;Closed
34,74;5,72;55,88;Standard;Discount;60;F;M;Y;Current
20,43;0;60,99;Discount;Standard;73;F;M;N;Current
32,83;2,78;57,07;Standard;Standard;26;M;M;N;Closed
24,69;4,4;65,72;Standard;Discount;60;F;M;Y;Current
29,06;0;60,98;Standard;Discount;48;M;M;N;Current
23,6;4,77;64,5;Discount;Standard;58;F;M;Y;Current
27,11;0;63,72;Standard;Discount;40;M;S;N;Current
19,2;2,65;57,77;Discount;Standard;38;F;M;N;Closed
21,57;,68;62,78;Standard;Discount;30;M;M;N;Current
23,11;1,62;60,1;Discount;Standard;35;M;S;N;Current
26,72;2,42;63,84;Standard;Standard;27;F;M;Y;Closed
21,51;0;52,86;Standard;Standard;58;M;M;Y;Current
28,5;5,39;56,41;Standard;Discount;70;F;M;N;Closed
20,62;0;59,77;Standard;Standard;27;M;S;Y;Current
27,84;0;51,19;Discount;Standard;55;M;S;N;Current
23,31;1,44;63,22;Standard;Standard;29;M;S;N;Current
35,96;0;63,07;Standard;Standard;62;M;M;Y;Current
25,63;3,3;48,69;Standard;Standard;66;F;S;N;Current
30,4;0;66,8;Discount;Standard;40;F;M;N;Closed
24,59;4,7;52,85;Standard;Discount;39;F;M;N;Current
26,48;0;61,89;Standard;Standard;28;M;M;Y;Current
19,83;0;57,93;Standard;Standard;49;F;S;N;Current
24,9;2,13;61,23;Standard;Discount;44;F;M;N;Closed
21,49;,52;66,29;Discount;Standard;57;F;M;N;Closed
19,87;0;59,19;Standard;Standard;67;M;M;N;Current
24,95;0;62,41;Standard;Discount;58;F;S;Y;Current
26,06;0;64,66;Standard;Discount;41;F;M;N;Closed
36,64;,37;51,45;Discount;Standard;30;F;M;N;Closed
28,83;1,63;61,89;Standard;Standard;47;F;S;N;Closed
10,58;0;52,74;Standard;Discount;32;F;M;Y;Closed
28,79;0;57,8;Discount;Discount;58;M;M;Y;Current
23,15;0;47,78;Standard;Standard;18;M;S;Y;Closed
35,74;8,7;65,45;Standard;Standard;31;M;M;Y;Current
21,95;1,16;51,38;Standard;Standard;56;M;S;Y;Current
19,36;3,66;66,87;Standard;Discount;19;F;M;N;Closed
26,91;0;46,89;Standard;Standard;47;M;S;Y;Current
23,16;0;62,68;Discount;Discount;36;F;M;N;Current
22,95;0;58,93;Standard;Standard;78;F;M;N;Closed
21,14;0;62,62;Discount;Standard;38;M;M;N;Closed
21,71;0;60,86;Standard;Discount;46;M;S;N;Current
24,67;5,6;64,96;Standard;Standard;34;F;S;Y;Current
31,47;,18;60,4;Discount;Standard;41;F;M;Y;Closed
24,63;0;58,34;Standard;Discount;30;M;M;N;Current
22,89;0;72,24;Standard;Standard;18;F;M;N;Current
24,58;0;66,35;Standard;Standard;20;F;S;N;Current
22,06;2,3;56,74;Discount;Discount;39;F;S;Y;Closed
16,54;3;72,93;Standard;Standard;25;M;S;Y;Current
21,13;0;68,62;Standard;Discount;71;F;M;N;Closed
21,6;3,98;57,09;Standard;Standard;69;F;S;N;Current
28,86;3,01;48,35;Standard;Standard;37;M;M;N;Current
24,93;0;57,76;Standard;Standard;25;F;S;N;Closed
29,14;1,55;54,88;Standard;Standard;70;M;M;Y;Closed
19,55;0;68,72;Standard;Standard;60;M;M;N;Current
23,95;7,51;60,62;Standard;Standard;50;M;M;N;Current
31,9;0;63,21;Standard;Standard;49;M;S;N;Current
29,8;0;54,32;Standard;Standard;28;M;M;N;Closed
20,24;0;52,76;Discount;Standard;80;F;M;N;Current
20,4;0;61,75;Standard;Standard;56;F;M;N;Current
21,82;1,53;61,14;Standard;Standard;33;F;M;Y;Closed
31,79;,18;56,89;Standard;Standard;20;M;S;N;Current
19,19;,67;67,35;Standard;Standard;36;F;S;Y;Closed
14,4;,22;63,15;Standard;Standard;74;F;M;N;Current
28,6;,38;60,94;Discount;Standard;57;F;M;N;Closed
24,25;0;63,87;Standard;Standard;80;M;M;N;Closed
25,39;0;59,52;Standard;Standard;22;F;M;N;Closed
32,04;9,83;57,37;Discount;Discount;40;M;S;N;Current
25,25;0;59,74;Discount;Discount;49;F;S;N;Closed
26,86;1,8;58,12;Standard;Standard;53;F;S;Y;Closed
20,72;1,3;66,06;Standard;Standard;19;M;M;Y;Closed
23,91;1,43;56,89;Discount;Discount;56;F;M;N;Closed
34,06;5,04;57,58;Standard;Standard;41;M;S;N;Current
23,81;4,22;57,51;Standard;Standard;37;M;M;Y;Current
22,59;7,91;64,76;Standard;Discount;44;M;S;Y;Current
20,88;4,5;64,15;Standard;Standard;80;M;M;Y;Current
30,06;0;63,44;Standard;Standard;38;M;M;Y;Current
21,65;0;70,08;Standard;Discount;46;F;S;Y;Current
28,07;5,27;64,62;Discount;Standard;43;F;S;N;Closed
33,05;0;55,67;Standard;Standard;46;M;S;N;Current
23,82;3,66;63,52;Standard;Standard;63;M;S;N;Current
22,06;8,29;64,85;Standard;Standard;57;M;M;N;Current
14,23;0;58,77;Standard;Discount;49;F;S;N;Current
23,8;0;55,71;Standard;Standard;32;M;M;Y;Current
21;,32;48,96;Standard;Standard;48;F;M;N;Current
24,22;0;56,32;Standard;Discount;52;M;S;Y;Closed
32,59;0;53,28;Standard;Standard;20;M;M;Y;Current
21;0;52,76;Standard;Standard;63;M;M;N;Current
32,38;,23;55,73;Standard;Standard;77;F;S;Y;Closed
27,2;6,12;52,3;Standard;Standard;28;M;S;N;Closed
30,04;1,02;57,54;Discount;Discount;30;F;S;N;Current
22,57;0;58,5;Standard;Standard;35;F;M;N;Current
15,58;0;62,12;Standard;Standard;52;M;S;N;Closed
23,97;0;56,4;Standard;Standard;47;F;M;N;Closed
30,54;0;64,63;Standard;Standard;24;F;M;Y;Closed
27,39;0;69,37;Standard;Standard;24;F;M;Y;Closed
18,06;0;59,37;Discount;Standard;76;F;M;Y;Closed
25,06;2,84;59,72;Standard;Standard;44;F;M;N;Closed
28,3;6,71;56,73;Discount;Discount;46;F;S;N;Closed
25,8;0;68,34;Standard;Discount;34;M;M;N;Current
32,24;13,37;60,47;Standard;Standard;23;F;S;N;Current
27,83;2,33;62,88;Discount;Discount;64;F;M;N;Current
24,06;1,18;61,53;Standard;Discount;22;M;M;Y;Current
17,27;0;49,57;Standard;Standard;47;M;M;N;Current
16,93;0;59,61;Standard;Standard;35;M;M;N;Current
16,11;0;65,99;Standard;Discount;44;M;S;Y;Closed
23,78;4,46;58,79;Standard;Discount;23;M;S;Y;Current
29,99;0;53,82;Standard;Standard;25;F;M;N;Closed
12,59;0;58,75;Standard;Discount;70;M;M;N;Current
31,37;0;55,53;Discount;Standard;54;M;S;N;Closed
27,37;0;54,73;Standard;Standard;54;F;M;N;Closed
12,65;0;58,22;Standard;Discount;25;M;M;N;Current
20,39;1,74;60,93;Standard;Standard;55;M;S;N;Current
24,72;1,21;57,57;Standard;Discount;27;M;M;Y;Closed
18,92;0;58,71;Standard;Standard;18;F;S;Y;Closed
22,26;0;62,84;Standard;Discount;30;M;S;Y;Current
22,43;0;56,61;Standard;Standard;77;F;S;N;Current
19,35;0;54,66;Discount;Standard;33;F;M;N;Current
20,99;6,5;54,09;Standard;Standard;41;M;S;N;Current
23,21;0;58,65;Standard;Standard;52;F;M;Y;Closed
23,26;0;53,94;Standard;Standard;54;F;M;Y;Current
27,81;1,83;53,01;Discount;Discount;26;F;M;Y;Current
19,99;0;53,5;Discount;Standard;25;M;S;N;Current
19,39;0;62,48;Standard;Standard;26;M;S;N;Current
24,87;0;67,03;Standard;Standard;23;M;M;N;Current
26,58;0;63,84;Standard;Standard;42;F;M;Y;Current
23,27;0;61,55;Standard;Discount;23;M;S;N;Closed
27,21;0;60,23;Standard;Standard;41;F;M;N;Closed
17,85;0;57,77;Standard;Standard;45;F;M;Y;Current
21,31;0;58,58;Discount;Standard;54;F;S;N;Current
32,36;7,34;56,9;Standard;Discount;38;M;S;N;Current
22,96;0;56,45;Standard;Discount;40;M;M;N;Current
28,92;8,13;54,09;Standard;Standard;69;M;M;N;Current
30,91;2,45;64,72;Discount;Standard;33;F;S;N;Current
24,67;0;55,71;Standard;Discount;55;F;M;N;Closed
28,05;2,25;61,17;Discount;Standard;32;F;M;Y;Current
23,61;,56;55,29;Standard;Standard;26;F;M;Y;Current
35,39;0;64,26;Standard;Standard;21;F;M;N;Closed
26,17;0;50,91;Standard;Standard;37;F;S;N;Current
28,04;1,03;62,62;Standard;Standard;43;F;S;N;Closed
26,22;3,79;67,71;Discount;Discount;59;F;M;N;Closed
33,39;1,23;64,44;Standard;Standard;72;F;M;N;Closed
26,61;0;57,25;Standard;Discount;47;M;M;Y;Current
18,61;7,76;60,28;Standard;Standard;18;M;M;N;Closed
25,94;0;62,9;Standard;Standard;72;F;S;N;Closed
30,57;,31;61,02;Standard;Standard;38;F;S;N;Closed
14,87;1,65;59,66;Standard;Standard;20;M;S;N;Current
20,95;0;54,45;Standard;Discount;40;M;S;N;Current
29,92;2,8;53,44;Standard;Discount;56;M;S;N;Current
21,16;0;53,21;Standard;Standard;43;F;S;N;Closed
26,67;2,23;57,26;Discount;Standard;35;M;M;Y;Closed
31,02;0;62,65;Standard;Discount;39;F;S;N;Current
25,52;0;63,3;Standard;Standard;66;M;S;Y;Current
31,6;,58;50,72;Standard;Discount;23;F;M;N;Current
18,8;,74;65,89;Standard;Discount;57;F;M;N;Closed
30,19;4,7;66,43;Standard;Standard;30;F;S;N;Current
25,59;4,92;53,65;Discount;Discount;45;F;S;N;Closed
25,48;0;62,84;Discount;Standard;50;F;M;N;Closed
29,13;6,64;52,23;Discount;Discount;58;M;S;Y;Current
23,71;0;60,88;Standard;Discount;55;F;S;Y;Current
31,26;0;65,01;Standard;Standard;42;F;M;Y;Closed
24,66;1,97;60,37;Standard;Discount;33;F;M;Y;Current
17,76;5,65;51,43;Standard;Discount;71;M;S;N;Closed
21,24;4,62;62,22;Discount;Standard;42;M;M;N;Closed
31,17;1,85;56,3;Standard;Discount;49;M;S;N;Current
19,82;,42;58,12;Standard;Discount;19;F;M;Y;Current
15,44;9,66;60,99;Standard;Standard;54;M;M;N;Current
31,88;6,66;64,42;Standard;Standard;48;M;M;N;Current
24,99;4,78;56,95;Standard;Discount;44;M;M;N;Current
35,73;3,32;61,21;Standard;Discount;55;F;M;N;Current
28,25;0;62,23;Discount;Standard;76;M;S;N;Current
21,67;2,16;54,46;Standard;Discount;45;F;S;Y;Closed
28,54;0;51,72;Standard;Standard;48;M;M;N;Current
35,1;0;54,37;Standard;Standard;37;F;M;N;Current
22,88;0;64,71;Standard;Standard;38;M;M;N;Current
30,19;0;58,24;Discount;Standard;28;F;S;Y;Closed
25,91;0;59,27;Standard;Standard;52;F;M;Y;Closed
30,05;2,87;59,26;Standard;Standard;69;F;M;Y;Closed
22,03;0;66,74;Standard;Standard;22;F;M;N;Current
18,36;,99;56,36;Standard;Discount;78;M;S;Y;Current
23,64;0;56,02;Standard;Standard;39;F;S;N;Current
25,09;5,64;56,62;Standard;Discount;75;M;M;N;Closed
31,76;0;61,84;Standard;Standard;54;M;M;Y;Current
20,89;3,42;59,12;Standard;Discount;27;M;S;N;Current
23,11;6,74;54,75;Discount;Discount;55;F;S;Y;Closed
18,01;0;58,11;Standard;Standard;23;M;M;Y;Closed
28,11;1,56;61,38;Discount;Standard;64;M;M;N;Current
22;2,68;54,81;Standard;Discount;64;F;S;N;Closed
20,08;0;56,51;Standard;Standard;79;F;M;N;Closed
24,8;4,8;64,74;Standard;Standard;33;F;S;Y;Current
31,21;3,31;65,71;Standard;Discount;37;M;M;Y;Current
24,26;1,84;60,74;Standard;Discount;43;F;M;N;Closed
26,29;0;59,77;Standard;Discount;18;F;M;N;Current
29,63;0;59,29;Standard;Discount;65;F;M;N;Current
31,29;0;63,97;Standard;Discount;65;F;M;N;Closed
24,46;3,71;62,81;Standard;Standard;41;F;M;N;Closed
28,59;0;57,2;Standard;Discount;62;F;M;Y;Closed
27,18;0;55,8;Standard;Standard;59;F;M;Y;Closed
30,98;4,84;62,48;Standard;Discount;48;M;M;N;Current
34,18;0;57,01;Standard;Standard;44;M;M;Y;Current
30,32;0;63,81;Standard;Discount;19;M;M;Y;Current
21,61;0;60,06;Discount;Standard;41;F;M;Y;Current
27,73;0;58,83;Standard;Standard;44;F;S;N;Closed
16,59;0;56,41;Standard;Standard;63;F;S;N;Current
22,84;2,94;71,26;Standard;Standard;40;M;M;N;Current
32,27;1,89;60,44;Standard;Discount;52;M;S;N;Current
26,53;6,94;69,31;Standard;Standard;41;F;S;Y;Closed
20,02;0;55,81;Discount;Standard;44;F;M;N;Current
26,99;3,98;54,57;Standard;Standard;27;M;M;N;Closed
24,74;0;64,12;Standard;Discount;32;F;M;N;Current
23,29;,1;61,03;Discount;Standard;78;M;S;Y;Closed
18,11;0;62,2;Discount;Standard;64;F;S;Y;Closed
28,75;5,21;60,64;Standard;Standard;80;F;S;N;Closed
25,58;1,2;52,26;Discount;Discount;34;M;S;N;Current
18,78;0;50,98;Standard;Standard;32;M;M;N;Current
25,46;0;55,82;Standard;Standard;46;M;M;N;Current
18,15;1,04;61,31;Discount;Standard;63;M;M;Y;Current
27,64;3,37;59,17;Discount;Discount;53;F;S;N;Closed
31,48;0;51,36;Standard;Standard;23;M;M;N;Closed
22,23;1,63;56,69;Discount;Standard;41;M;S;Y;Current
30,96;1,34;65,15;Discount;Standard;56;M;M;Y;Current
21,89;8,77;65,59;Standard;Standard;34;F;M;N;Current
19,18;0;59,21;Standard;Standard;52;F;S;N;Current
21,27;0;59,54;Standard;Standard;50;M;M;N;Current
27,57;0;65,15;Standard;Standard;63;F;M;N;Current
15,44;2,15;61,03;Standard;Standard;67;M;M;N;Closed
26,34;4,47;64,43;Discount;Standard;62;M;S;N;Current
22,6;3,31;57,85;Standard;Discount;47;F;M;N;Closed
32,34;0;60,6;Standard;Standard;29;M;S;N;Closed
27,77;0;62,25;Standard;Standard;39;F;S;N;Current
18,63;,64;58,08;Standard;Standard;60;F;M;N;Closed
26,9;0;57,16;Standard;Standard;55;M;M;N;Current
18,62;0;56,01;Standard;Standard;38;M;M;N;Current
22,77;0;56,54;Standard;Discount;21;F;M;Y;Closed
25,09;0;58,6;Discount;Discount;75;F;S;N;Closed
24,98;5,4;66,62;Standard;Discount;41;M;S;Y;Current
14,38;0;61,65;Standard;Standard;61;M;S;N;Current
23,08;2,94;67;Standard;Standard;20;F;M;N;Current
25,9;5,48;68,81;Standard;Standard;22;M;M;N;Current
18,93;,92;57,5;Discount;Standard;38;M;M;Y;Current
25,12;0;60,52;Standard;Standard;57;M;S;N;Closed
24,18;5,91;64,32;Standard;Standard;28;F;M;N;Closed
25,02;0;62,15;Standard;Standard;48;F;M;N;Closed
28,53;1,56;58,88;Discount;Standard;30;F;M;N;Current
26,81;0;58,3;Standard;Standard;39;F;M;N;Closed
29,72;0;63,22;Standard;Standard;59;F;M;N;Closed
18,38;6,97;61,95;Discount;Standard;40;F;M;Y;Closed
32,73;7,94;58,75;Standard;Discount;78;M;M;N;Current
15,79;2,02;58,18;Standard;Standard;57;M;S;N;Current
26,87;2,71;57,89;Discount;Discount;68;F;M;N;Closed
19,43;,11;62,89;Standard;Standard;61;F;M;Y;Closed
25,15;1,74;63,73;Standard;Standard;46;F;S;N;Current
33,03;0;65,33;Discount;Standard;34;M;S;N;Current
29,89;6,44;56,81;Standard;Standard;57;M;M;N;Current
27,59;1,75;56,04;Standard;Standard;28;F;S;Y;Current
28;1,71;54,5;Standard;Standard;57;F;M;N;Closed
20,37;0;69,26;Standard;Discount;29;M;S;N;Current
23,49;0;61,35;Standard;Discount;28;F;S;Y;Closed
33,76;0;53,57;Standard;Standard;23;F;S;N;Current
23,18;0;62,19;Standard;Standard;32;F;M;N;Current
27,92;0;65,14;Standard;Standard;66;M;M;N;Closed
35,03;1,71;62,54;Standard;Standard;30;F;M;N;Current
37,13;0;71,14;Standard;Standard;63;M;S;Y;Closed
18,37;0;57,33;Standard;Standard;64;M;M;Y;Current
24,4;1,11;69,4;Standard;Standard;74;F;M;N;Closed
36,23;3,94;64,22;Standard;Standard;71;M;M;N;Current
17,83;3,7;64,54;Discount;Standard;79;F;M;N;Current
24,89;6,18;62,45;Discount;Standard;37;F;S;N;Closed
23,35;,58;59,64;Standard;Standard;41;M;S;N;Current
30,78;0;64,99;Discount;Discount;46;F;M;N;Current
23,27;0;61,07;Discount;Discount;61;M;M;N;Current
30,89;0;62,96;Standard;Standard;34;M;S;N;Current
25,68;7,64;55,21;Standard;Standard;33;F;M;Y;Closed
17,25;0;59,62;Standard;Discount;18;F;M;Y;Closed
21,89;1,69;61,09;Standard;Standard;24;F;M;Y;Closed
35,05;,54;65,53;Standard;Standard;25;F;M;Y;Closed
18,18;0;51,89;Standard;Discount;59;F;M;N;Closed
15,26;1,97;59,24;Discount;Standard;22;F;S;Y;Current
28,54;9,7;56,53;Standard;Discount;57;F;M;N;Closed
25,87;,28;61,42;Standard;Discount;48;F;S;N;Closed
25,98;2,28;63,26;Standard;Discount;57;M;S;N;Closed
16,28;0;55,64;Standard;Standard;61;M;M;Y;Closed
29,52;0;61,41;Standard;Discount;25;F;M;N;Closed
28,18;0;48,96;Discount;Discount;53;F;S;N;Closed
30,05;0;48,36;Discount;Standard;75;F;M;Y;Closed
23,98;2,23;61,92;Discount;Discount;45;M;M;N;Current
20,37;0;58,2;Standard;Discount;45;F;S;N;Closed
33,79;0;55,64;Standard;Standard;39;M;M;N;Current
27,17;,42;56,07;Standard;Standard;41;M;M;N;Current
20,07;1,73;58,99;Standard;Standard;67;M;M;N;Current
20,97;1,68;54,22;Standard;Standard;59;F;S;N;Closed
33,33;1,82;60,21;Standard;Standard;75;F;S;Y;Closed
29,59;0;61,35;Standard;Standard;49;M;S;N;Current
23,72;1,48;64,42;Standard;Discount;20;F;M;N;Closed
23,86;0;59,16;Standard;Discount;33;F;M;Y;Current
15,83;4,48;52,94;Standard;Standard;54;F;M;N;Closed
33,08;0;56,55;Standard;Standard;78;F;S;N;Current
26,43;0;58,18;Standard;Discount;63;M;S;N;Current
20,17;0;63,47;Standard;Discount;60;M;M;N;Closed
24,63;3,41;60,82;Standard;Discount;32;M;S;N;Current
25,22;4,69;62,73;Discount;Standard;43;M;M;Y;Current
20,17;,52;55,94;Standard;Standard;27;M;S;N;Closed
17,23;0;71,92;Discount;Standard;32;F;S;N;Current
30,48;0;60,23;Standard;Standard;50;M;S;N;Current
25,39;2,01;58,96;Standard;Standard;59;M;S;N;Closed
34,22;,99;61,26;Standard;Standard;25;M;M;N;Current
27,54;0;68,95;Discount;Standard;44;F;M;N;Current
30,69;3,14;66,74;Standard;Standard;65;F;M;N;Closed
28,09;1,2;63,54;Standard;Discount;33;M;M;N;Closed
18,72;0;63,37;Discount;Standard;22;F;M;N;Current
31,27;0;59,56;Discount;Standard;36;M;M;N;Current
36,4;1,37;61,3;Discount;Standard;43;F;S;Y;Closed
28,16;0;62,52;Standard;Standard;33;M;M;Y;Closed
24,59;1,31;59,56;Standard;Discount;35;M;M;N;Current
26,27;7,59;61,92;Standard;Standard;46;F;M;N;Closed
24,38;0;58,8;Standard;Standard;35;M;M;Y;Current
25,47;0;50,43;Standard;Standard;48;F;S;N;Closed
28,45;3,01;64,2;Standard;Standard;48;M;M;N;Current
29,08;7,47;67,14;Standard;Standard;52;M;S;N;Current
19,06;2,19;71,41;Standard;Standard;27;F;M;N;Closed
26,08;3,03;59,44;Standard;Discount;59;F;M;Y;Closed
26,49;2,13;60,66;Standard;Standard;40;M;S;N;Closed
26,03;0;56,63;Standard;Standard;79;M;S;N;Current
29,03;0;67,05;Discount;Standard;78;M;M;N;Current
26,4;0;59,56;Standard;Discount;33;F;S;N;Current
25,06;0;55,98;Standard;Discount;72;F;M;N;Closed
21,39;0;57,97;Standard;Standard;42;F;M;N;Closed
22,56;6,76;63,81;Standard;Discount;70;F;S;Y;Closed
27,37;3,66;60,16;Standard;Standard;49;M;S;N;Current
17,67;0;56,36;Standard;Standard;40;M;M;N;Current
27,07;1,94;71,45;Standard;Standard;35;F;M;Y;Closed
30,59;0;57,88;Discount;Standard;37;M;S;N;Current
34,88;5,64;59,28;Standard;Discount;24;F;S;Y;Current
18,12;3,21;66,92;Standard;Standard;61;F;S;N;Closed
26,36;2,15;70,23;Standard;Discount;60;M;M;N;Current
25,12;0;61,57;Discount;Standard;30;F;S;N;Closed
20,82;0;59,89;Standard;Standard;33;M;M;Y;Current
33,03;2,23;50,63;Standard;Standard;53;F;S;N;Closed
27,16;0;62,64;Standard;Discount;60;F;S;N;Closed
33,36;1,56;64,16;Standard;Standard;62;M;S;Y;Current
19,86;0;60,44;Standard;Discount;20;F;S;N;Closed
28,77;0;62,03;Standard;Standard;61;M;S;N;Current
0;0;32,33;Standard;None;48;M;S;N;Closed
0;0;15,86;Standard;None;38;M;M;N;Current
0;0;27,28;Standard;None;35;F;S;Y;Closed
0;0;19,77;Standard;None;73;F;M;N;Closed
0;0;28,48;Standard;None;23;F;S;N;Closed
0;0;18,2;Standard;None;30;F;M;Y;Closed
0;0;22,85;Standard;None;60;M;S;N;Current
0;0;14,76;Standard;None;62;F;S;Y;Current
0;0;18;Standard;None;52;M;S;N;Current
0;0;32,07;Standard;None;62;F;S;N;Closed
0;0;13,57;Standard;None;56;M;M;Y;Closed
0;0;19,12;Standard;None;52;F;M;N;Current
0;0;20,76;Standard;None;44;M;S;N;Current
0;0;24,48;Standard;None;54;F;M;N;Closed
0;0;23,72;Standard;None;54;M;M;Y;Current
0;0;13,59;Standard;None;34;F;M;N;Current
0;0;29,4;Standard;None;37;F;S;N;Closed
0;0;8,48;Standard;None;79;F;M;N;Closed
0;0;19,68;Standard;None;53;M;M;N;Closed
0;0;26,71;Standard;None;37;F;S;N;Closed
0;0;10,77;Standard;None;51;M;M;N;Current
0;0;11,16;Standard;None;29;F;S;Y;Current
0;0;20,28;Standard;None;73;F;M;Y;Closed
0;0;15,12;Standard;None;28;F;M;Y;Closed
0;0;21,21;Standard;None;78;F;S;N;Closed
0;0;14,34;Standard;None;33;M;S;N;Current
0;0;25,4;Standard;None;21;M;M;N;Current
0;0;19,47;Standard;None;70;M;M;N;Current
0;0;26,33;Standard;None;19;F;S;Y;Closed
0;0;20,71;Standard;None;35;M;S;N;Closed
0;0;21,2;Standard;None;48;M;S;N;Current
0;0;16,5;Standard;None;34;M;M;Y;Current
0;0;16,66;Standard;None;71;F;M;N;Closed
0;0;21,27;Standard;None;22;F;M;Y;Current
0;0;14,85;Standard;None;68;M;M;N;Current
0;0;25,66;Standard;None;27;M;S;N;Current
0;0;17,54;Standard;None;62;M;M;Y;Current
0;0;15,23;Standard;None;53;M;S;Y;Current
0;0;20,41;Standard;None;54;F;S;Y;Closed
0;0;19,61;Standard;None;60;M;M;N;Current
0;0;23,11;Standard;None;53;F;S;N;Closed
0;0;24,85;Standard;None;64;F;S;N;Closed
0;0;29,1;Standard;None;68;M;S;N;Current
0;0;22,91;Standard;None;28;F;S;N;Closed
0;0;11,68;Standard;None;19;F;M;N;Closed
0;0;13,19;Standard;None;24;F;M;N;Closed
0;0;24,57;Standard;None;31;F;M;N;Closed
0;0;25,25;Standard;None;29;F;S;N;Closed
0;0;16,35;Standard;None;73;F;M;N;Closed
0;0;22,92;Standard;None;37;M;S;Y;Current
0;0;20,34;Standard;None;47;F;S;N;Current
0;0;21,34;Standard;None;58;M;S;N;Current
0;0;19,65;Standard;None;39;F;M;N;Closed
0;0;19,62;Standard;None;77;F;M;Y;Current
0;0;14,55;Standard;None;72;F;S;N;Current
0;0;26,66;Standard;None;34;F;M;N;Current
0;0;18,38;Standard;None;27;F;M;N;Current
0;0;22,13;Standard;None;22;M;M;N;Current
0;0;8,3;Standard;None;42;F;S;Y;Closed
0;0;27,08;Standard;None;41;F;M;N;Closed
0;0;20,97;Standard;None;58;F;M;Y;Closed
0;0;12,76;Standard;None;31;M;S;Y;Current
0;0;19,88;Standard;None;64;F;M;N;Closed
0;0;12,97;Standard;None;54;F;M;N;Current
0;0;31,89;Standard;None;42;F;M;N;Closed
0;0;19,07;Standard;None;55;M;M;N;Current
0;0;14,9;Standard;None;46;M;M;Y;Current
0;0;15,38;Standard;None;28;M;M;Y;Closed
0;0;16,64;Standard;None;18;F;M;N;Closed
0;0;16,24;Standard;None;48;F;M;N;Closed
0;0;9,38;Standard;None;37;M;M;N;Current
0;0;14,5;Standard;None;38;M;M;N;Closed
0;0;19,93;Standard;None;27;M;S;N;Closed
0;0;11,88;Standard;None;58;M;S;N;Current
0;0;19,59;Standard;None;42;M;S;N;Current
0;0;11,96;Standard;None;64;F;M;N;Closed
0;0;26,29;Standard;None;29;M;M;Y;Current
0;0;17,03;Standard;None;19;M;M;N;Closed
0;0;14,89;Standard;None;37;F;S;Y;Current
0;0;22,42;Standard;None;41;F;M;N;Current
0;0;24,67;Standard;None;28;F;M;N;Closed
0;0;23,67;Standard;None;50;F;M;N;Closed
0;0;26,42;Standard;None;27;F;S;Y;Closed
0;0;15,06;Standard;None;29;F;S;Y;Closed
0;0;18,33;Standard;None;50;F;S;Y;Closed
0;0;23,36;Standard;None;45;M;M;N;Current
0;0;32,07;Standard;None;39;M;M;N;Current
0;0;19,63;Standard;None;36;F;M;N;Current
0;0;16,79;Standard;None;34;F;M;Y;Current
0;0;19,88;Standard;None;69;F;M;Y;Closed
0;0;18,12;Standard;None;69;F;S;N;Closed
0;0;25,5;Standard;None;37;M;S;N;Current
0;0;23,47;Standard;None;39;M;S;N;Current
0;0;19,89;Standard;None;33;M;M;N;Current
0;0;16,68;Standard;None;25;F;M;Y;Closed
0;0;22,96;Standard;None;33;F;S;N;Current
0;0;11,96;Standard;None;37;M;S;Y;Current
0;0;17,64;Standard;None;41;F;S;N;Closed
0;0;25,79;Standard;None;50;M;M;N;Current
0;0;23,74;Standard;None;61;M;S;N;Current
0;0;23,27;Standard;None;54;F;S;N;Closed
0;0;22,44;Standard;None;46;M;M;N;Current
0;0;27,64;Standard;None;28;M;M;Y;Current
0;0;28,02;Standard;None;48;F;M;N;Closed
0;0;10,96;Standard;None;37;M;M;Y;Current
0;0;24,91;Standard;None;30;M;M;N;Current
0;0;27,33;Standard;None;25;M;M;Y;Current
0;0;21,89;Standard;None;79;M;M;N;Closed
0;0;20,87;Standard;None;46;F;M;N;Closed
0;0;21,28;Standard;None;52;F;S;Y;Closed
0;0;18,93;Standard;None;35;M;M;N;Current
0;0;16,3;Standard;None;52;M;S;N;Current
0;0;14,86;Standard;None;48;M;M;Y;Current
0;0;18,47;Standard;None;57;F;M;N;Closed
0;0;10,62;Standard;None;39;M;M;N;Current
0;0;16,97;Standard;None;76;F;S;Y;Current
0;0;21,19;Standard;None;57;F;M;Y;Closed
0;0;13,33;Standard;None;47;M;M;N;Current
0;0;20,78;Standard;None;50;F;S;N;Closed
0;0;18,57;Standard;None;77;M;S;N;Current
0;0;20,21;Standard;None;52;F;M;N;Closed
0;0;23,49;Standard;None;29;M;M;N;Current
0;0;26,96;Standard;None;44;F;M;N;Closed
0;0;16,49;Standard;None;35;M;M;N;Closed
0;0;16,52;Standard;None;37;M;S;N;Current
0;0;21,32;Standard;None;35;M;M;N;Current
0;0;19,86;Standard;None;58;F;S;N;Current
0;0;24,6;Standard;None;61;M;M;N;Current
0;0;18,53;Standard;None;42;F;S;Y;Closed
0;0;18,95;Standard;None;37;F;M;N;Closed
0;0;28,13;Standard;None;31;F;M;N;Closed
0;0;19,85;Standard;None;65;M;M;N;Current
0;0;11,74;Standard;None;48;F;M;N;Closed
0;0;22,15;Standard;None;47;F;S;N;Closed
0;0;21,55;Standard;None;22;F;M;Y;Current
0;0;20,59;Standard;None;23;F;S;N;Current
0;0;16,6;Standard;None;68;M;M;N;Closed
0;0;22,26;Standard;None;36;M;M;Y;Current
0;0;34,18;Standard;None;34;M;M;Y;Current
0;0;20,15;Standard;None;37;F;S;N;Current
0;0;16,84;Standard;None;51;F;M;N;Current
0;0;17,16;Standard;None;76;F;M;Y;Closed
0;0;14,92;Standard;None;44;F;S;N;Closed
0;0;12,78;Standard;None;32;M;M;Y;Current
0;0;21,43;Standard;None;41;F;M;N;Closed
0;0;16,49;Standard;None;19;F;S;N;Closed
0;0;16,69;Standard;None;49;M;M;N;Current
0;0;15,35;Standard;None;59;F;S;N;Closed
0;0;20,27;Standard;None;39;M;M;Y;Current
0;0;19,55;Standard;None;33;M;M;N;Current
0;0;17,43;Standard;None;59;F;M;N;Closed
0;0;13,53;Standard;None;28;F;M;N;Closed
0;0;26,22;Standard;None;37;M;S;N;Current
0;0;19,92;Standard;None;39;F;S;N;Current
0;0;16,56;Standard;None;25;F;S;Y;Closed
0;0;10,42;Standard;None;65;F;S;Y;Closed
0;0;23,02;Standard;None;44;F;S;N;Closed
0;0;25,06;Standard;None;18;M;M;N;Current
0;0;17,18;Standard;None;21;F;M;N;Current
0;0;17,51;Standard;None;36;M;S;N;Current
0;0;16,45;Standard;None;36;F;M;N;Closed
0;0;12,23;Standard;None;41;M;M;Y;Current
0;0;21,86;Standard;None;58;F;M;N;Closed
0;0;28,84;Standard;None;46;M;S;N;Current
0;0;16,89;Standard;None;23;M;S;N;Closed
0;0;13,51;Standard;None;42;F;M;N;Closed
0;0;16,48;Standard;None;45;M;M;N;Current
0;0;16,96;Standard;None;39;F;S;N;Closed
0;0;8,19;Standard;None;61;M;M;N;Current
0;0;18,98;Standard;None;37;F;M;N;Closed
0;0;13,13;Standard;None;31;F;S;N;Closed
0;0;25,47;Standard;None;22;M;S;Y;Closed
0;0;22,95;Standard;None;51;M;S;Y;Current
0;0;19,52;Standard;None;23;M;S;N;Closed
0;0;24,13;Standard;None;47;F;M;N;Closed
0;0;14,75;Standard;None;34;F;S;N;Closed
0;0;24,07;Standard;None;49;F;M;N;Closed
0;0;28,87;Standard;None;43;F;S;N;Closed
0;0;26,77;Standard;None;45;M;M;N;Current
0;0;15,43;Standard;None;33;F;S;N;Current
0;0;15,96;Standard;None;66;M;M;N;Current
0;0;17,99;Standard;None;19;M;S;N;Current
0;0;24,15;Standard;None;49;F;M;N;Closed
0;0;28,85;Standard;None;68;F;M;N;Closed
0;0;21,18;Standard;None;21;M;M;Y;Current
0;0;13,8;Standard;None;30;M;S;N;Current
0;0;17,42;Standard;None;25;M;M;N;Closed
0;0;22,93;Standard;None;72;F;S;N;Current
0;0;23,58;Standard;None;39;F;M;N;Current
0;0;18,77;Standard;None;44;M;S;Y;Current
0;0;21,18;Standard;None;60;F;S;Y;Current
0;0;14,91;Standard;None;77;F;M;Y;Current
0;0;18,05;Standard;None;32;M;S;Y;Current
0;0;19,4;Standard;None;27;M;S;N;Current
0;0;23,98;Standard;None;29;M;M;N;Current
0;0;20,4;Standard;None;71;F;M;N;Current
0;0;19,33;Standard;None;62;M;S;Y;Current
0;0;18,12;Standard;None;56;M;M;N;Current
0;0;10,43;Standard;None;65;F;M;N;Closed
0;0;20,15;Standard;None;29;M;M;N;Closed
0;0;22,83;Standard;None;45;F;S;N;Closed
0;0;19,42;Standard;None;49;F;S;Y;Closed
0;0;18,75;Standard;None;22;M;M;Y;Closed
0;0;16,88;Standard;None;43;F;M;Y;Closed
0;0;21,34;Standard;None;63;F;M;Y;Closed
0;0;13,36;Standard;None;75;M;M;Y;Closed
0;0;17,47;Standard;None;34;F;M;N;Current
0;0;16,48;Standard;None;36;M;M;N;Current
0;0;21,42;Standard;None;72;M;M;N;Closed
0;0;20,07;Standard;None;56;F;S;N;Closed
0;0;20,81;Standard;None;31;M;S;Y;Current
22,71;0;58,21;Standard;Discount;21;M;S;N;Closed
24,77;1,23;55,27;Standard;Discount;21;F;M;N;Current
15,21;1,56;66,76;Standard;Discount;41;M;S;N;Current
17,65;0;51,52;Standard;Discount;61;F;S;Y;Current
18,28;0;64,39;Standard;Discount;48;M;S;Y;Current
27,35;0;56,96;Standard;Discount;69;M;M;Y;Current
36,82;0;61,02;Standard;Discount;68;M;S;N;Current
24,86;0;55,1;Standard;Discount;29;F;S;Y;Current
21,06;,49;61,54;Standard;Discount;61;F;M;N;Closed
27,92;6,66;64,84;Standard;Discount;53;M;S;N;Current
29,93;4,46;53,42;Standard;Discount;32;F;M;N;Current
23,31;0;61,71;Discount;Discount;49;M;S;N;Current
25,54;3,33;53,97;Standard;Discount;31;F;M;N;Current
24,49;6,54;57,89;Discount;Discount;41;M;S;N;Current
21,76;5,14;59,81;Standard;Discount;31;M;M;N;Current
24,11;5,65;59,93;Standard;Discount;25;M;S;N;Current
27,34;5,07;54,55;Standard;Discount;20;M;M;N;Current
30,12;0;58,75;Standard;Discount;55;M;M;Y;Current
24,51;6,49;51,24;Standard;Discount;42;F;M;Y;Closed
30,66;0;69,08;Standard;Discount;45;F;M;N;Current
21,17;0;52,07;Standard;Discount;71;F;S;N;Current
29,32;1,02;63,09;Standard;Discount;75;F;M;Y;Closed
22,42;0;63,93;Standard;Discount;43;M;M;Y;Current
27,18;6,15;56,18;Discount;Discount;45;M;M;N;Current
16,58;0;54,64;Standard;Discount;31;F;S;N;Current
24,14;4,38;67,55;Standard;Discount;54;M;M;Y;Current
22,01;2,67;60,91;Standard;Discount;38;F;M;Y;Current
36,79;0;63,34;Standard;Discount;52;M;S;N;Closed
25,9;0;59,75;Standard;Discount;30;M;S;Y;Current
26,58;6,64;60,65;Standard;Discount;55;M;S;Y;Closed
23,44;1,66;52,41;Standard;Discount;33;M;M;N;Closed
22,51;6,78;58,25;Standard;Discount;38;F;S;N;Current
28,42;0;47,7;Standard;Discount;37;M;S;N;Current
28,35;2,09;58,86;Standard;Discount;59;M;S;N;Closed
25,94;1,43;66,98;Standard;Discount;47;M;S;Y;Current
33,45;0;55,34;Discount;Discount;34;M;S;Y;Current
26,98;0;50,2;Standard;Discount;69;M;M;Y;Current
29,39;12,05;55,28;Standard;Discount;59;M;M;N;Current
28,31;0;57,65;Standard;Discount;38;F;M;N;Closed
26,15;8,19;60,9;Discount;Discount;55;M;M;N;Current
27,49;,59;70,64;Standard;Discount;46;M;M;N;Closed
27,36;0;58,08;Discount;Discount;47;F;M;N;Closed
29,73;0;69,75;Discount;Discount;73;F;M;Y;Closed
18,75;4,61;59,84;Standard;Discount;54;M;S;N;Current
26,56;1,2;63,62;Standard;Discount;48;F;M;N;Closed
20,98;0;59,26;Standard;Discount;49;F;S;N;Current
19,97;0;56,82;Standard;Discount;19;M;M;Y;Current
26,31;0;62,77;Standard;Discount;67;F;M;N;Closed
20,28;0;57,63;Discount;Discount;42;F;S;N;Closed
20,05;,18;60,86;Standard;Discount;62;F;M;N;Current
30,37;2,91;60,12;Standard;Discount;39;M;S;Y;Current
19,86;6,74;62,04;Standard;Discount;63;M;S;N;Closed
17,39;,06;58,59;Discount;Discount;61;M;M;N;Current
17,11;1,9;58,59;Standard;Discount;39;F;M;N;Current
21,71;0;57,01;Standard;Discount;38;F;M;N;Current
18,83;0;51,77;Standard;Discount;37;F;M;N;Current
31,24;0;52,31;Standard;Discount;44;M;M;N;Current
32,49;,39;52,5;Standard;Discount;53;F;M;Y;Closed
24,36;3,37;67,73;Discount;Discount;50;M;M;N;Current
26,43;,98;64,67;Standard;Discount;40;M;M;N;Current
30,28;0;55,96;Standard;Discount;34;M;S;N;Current
24,87;4,9;59,3;Standard;Discount;72;F;S;Y;Closed
17,41;1,88;58,54;Discount;Discount;61;F;S;Y;Closed
31,94;0;55,34;Standard;Discount;43;M;M;N;Closed
26,59;10,06;56,1;Standard;Discount;75;F;M;N;Closed
11,83;0;55,14;Standard;Discount;56;M;M;N;Current
18,44;1,16;58,94;Standard;Discount;50;F;M;N;Closed
36,29;0;64;Discount;Discount;23;F;M;N;Closed
16,12;1,05;46,16;Standard;Discount;67;F;S;N;Closed
21,46;0;69,88;Discount;Discount;45;M;M;N;Current
30,82;0;60,65;Standard;Discount;65;F;M;N;Closed
20,63;5,77;69;Standard;Discount;54;F;S;N;Closed
16,59;0;56,85;Standard;Discount;49;M;S;N;Current
20,92;0;56,11;Standard;Discount;27;F;S;N;Closed
18,41;0;68,08;Standard;Discount;26;M;S;Y;Current
30,65;8,69;67,03;Standard;Discount;77;M;M;N;Current
28,15;3,33;66,06;Standard;Discount;20;F;M;N;Current
29,7;,41;56,33;Discount;Discount;73;M;S;Y;Current
20,31;0;67,6;Discount;Discount;28;F;M;N;Closed
30,13;0;68,25;Discount;Discount;29;M;M;N;Closed
28,62;2,63;60,98;Standard;Discount;29;M;M;N;Current
27,88;0;54,75;Standard;Discount;23;F;S;Y;Closed
25;0;52,68;Standard;Discount;55;F;S;Y;Closed
31,61;0;60,03;Standard;Discount;39;M;S;Y;Current
20,45;,12;63,68;Standard;Discount;71;M;S;Y;Current
28,64;0;72,04;Standard;Discount;62;F;S;N;Current
25,2;2,61;64,91;Discount;Discount;34;M;S;Y;Current
16,24;0;50,32;Discount;Discount;53;M;M;N;Current
28,02;0;62,35;Discount;Discount;22;F;M;Y;Closed
29,28;0;63,35;Standard;Discount;68;M;M;N;Current
25,27;0;59,3;Standard;Discount;33;M;M;Y;Current
23,29;0;64,51;Standard;Discount;44;F;M;N;Current
22,38;0;58,87;Discount;Discount;24;M;S;N;Closed
28,52;0;62,67;Standard;Discount;55;F;S;N;Current
24,5;0;59,09;Standard;Discount;69;M;M;N;Current
23,36;0;60,39;Standard;Discount;30;F;M;Y;Closed
26,57;4,25;62,71;Standard;Discount;33;F;M;N;Closed
22,3;0;58,72;Standard;Discount;26;M;M;Y;Current
22,85;4,72;63,33;Standard;Discount;31;M;S;N;Current
28,47;0;65,35;Discount;Discount;50;M;M;N;Closed
28,39;0;59,57;Standard;Discount;48;M;S;N;Current
12,24;0;55,48;Standard;Discount;27;F;S;N;Current
24,23;7,21;62,7;Standard;Discount;18;M;M;N;Current
21,42;0;59,26;Discount;Discount;25;M;M;Y;Current
26,77;,75;67,57;Standard;Discount;76;M;M;Y;Current
21,14;0;53,81;Standard;Discount;50;F;M;Y;Closed
27,25;0;61,74;Discount;Discount;71;F;S;Y;Current
29,22;0;59,73;Discount;Discount;46;F;M;Y;Closed
27,96;3,09;67,31;Standard;Discount;36;F;S;N;Current
22,59;3,63;57,04;Standard;Discount;58;M;M;Y;Current
26,93;3,7;59,46;Standard;Discount;35;M;S;Y;Current
32,5;0;59,18;Standard;Discount;55;F;M;N;Closed
16,38;0;49,47;Standard;Discount;35;F;M;N;Current
28,93;0;62,25;Standard;Discount;51;M;M;Y;Current
29,43;2,08;55,4;Standard;Discount;59;M;M;N;Current
19,37;2,55;51,69;Standard;Discount;34;F;M;N;Current
22,5;4,56;57,78;Discount;Discount;51;F;M;N;Closed
17,73;1,09;53,92;Standard;Discount;62;M;S;N;Current
28,17;2,53;59,47;Discount;Discount;37;M;M;N;Current
26,19;0;56,71;Standard;Discount;53;F;S;Y;Closed
29,56;,93;56,95;Standard;Discount;71;F;M;Y;Current
29,9;13,09;59,59;Standard;Discount;37;F;M;Y;Closed
29,26;3,91;60,91;Standard;Discount;73;M;M;N;Closed
29,17;0;63,29;Discount;Discount;20;F;M;N;Current
17,04;8,65;64,39;Standard;Discount;28;M;M;N;Closed
16,6;0;54,66;Standard;Discount;53;M;S;N;Current
28,63;5,7;61,74;Standard;Discount;57;M;M;N;Current
25,35;0;57,14;Discount;Discount;26;F;M;N;Closed
21,21;0;53;Standard;Discount;19;M;M;N;Closed
28,36;3,06;63,22;Standard;Discount;55;F;S;Y;Closed
24,47;0;59,32;Standard;Discount;37;F;M;N;Current
20,91;,56;68,04;Standard;Discount;76;F;M;N;Closed
34,74;5,04;60,08;Standard;Discount;68;M;S;Y;Closed
25,15;4,04;67,81;Discount;Discount;43;F;M;Y;Current
20,63;0;57,5;Standard;Discount;46;F;M;Y;Current
19,07;1,05;56,68;Discount;Discount;36;F;S;Y;Current
12,74;2,84;63,6;Standard;Discount;31;M;M;N;Current
18,2;0;60,08;Standard;Discount;20;F;S;Y;Current
24,76;7,71;65,18;Standard;Discount;65;M;M;Y;Current
16,88;0;68,65;Standard;Discount;21;F;M;Y;Closed
28,48;0;63,69;Standard;Discount;40;F;M;Y;Closed
33,61;,46;59,85;Standard;Discount;59;F;S;Y;Closed
15,34;2,17;52,19;Standard;Discount;62;M;M;N;Current
26,12;,5;57,21;Standard;Discount;53;M;M;Y;Closed
14,74;4,28;63,18;Standard;Discount;18;F;M;N;Current
22,34;0;54,46;Standard;Discount;23;M;M;N;Current
24,2;0;63,23;Standard;Discount;38;M;S;N;Current
18,83;3,3;64,22;Standard;Discount;30;F;M;N;Current
23,33;0;66,98;Standard;Discount;39;F;S;N;Current
25,57;2,35;54,07;Standard;Discount;62;F;M;N;Closed
23,14;1,87;54,39;Discount;Discount;47;F;M;Y;Closed
25,96;7,1;64,35;Standard;Discount;31;F;M;N;Current
25,74;0;64,84;Standard;Discount;62;M;M;N;Current
30,03;0;53,17;Standard;Discount;53;F;S;Y;Closed
21,7;,64;52,72;Standard;Discount;38;M;S;N;Current
19,5;7,1;59,13;Standard;Discount;37;F;M;N;Closed
20,08;0;64,86;Discount;Discount;38;F;M;N;Closed
31;0;62,91;Standard;Discount;60;M;S;N;Current
24,74;11,29;52,67;Standard;Discount;40;M;S;Y;Current
30,15;10,78;60,54;Standard;Discount;74;F;S;N;Closed
24,47;5,94;58,68;Standard;Discount;44;M;S;N;Current
24,81;0;49,36;Discount;Discount;59;F;M;N;Closed
28,56;7,9;71,83;Standard;Discount;40;F;M;N;Closed
17,74;0;59,78;Standard;Discount;21;F;M;N;Closed
28,38;0;50,48;Standard;Discount;66;M;M;Y;Current
26,15;0;62,27;Discount;Discount;67;F;S;N;Current
26,83;5,42;55,89;Standard;Discount;76;M;M;N;Current
31,77;1,83;55,21;Standard;Discount;46;M;S;Y;Current
26,05;0;58,53;Standard;Discount;54;F;M;N;Current
28,32;9,49;57,2;Standard;Discount;56;M;M;N;Closed
27,41;0;57,78;Standard;Discount;35;F;S;N;Current
30,97;2,01;57,56;Standard;Discount;57;M;S;N;Current
25,63;1,63;50,37;Standard;Discount;63;M;M;Y;Current
26,84;4,24;58,47;Discount;Discount;64;F;M;Y;Closed
26,28;0;47,43;Standard;Discount;28;M;S;N;Closed
23,09;0;57,82;Discount;Discount;22;M;M;N;Current
26,89;,74;57,79;Standard;Discount;58;F;M;Y;Current
29,41;10,41;63,99;Standard;Discount;62;F;M;N;Closed
24,76;1,05;62,06;Discount;Discount;39;F;S;N;Current
27,12;4,71;60,66;Standard;Discount;53;F;M;N;Current
25,62;0;59,98;Standard;Discount;35;M;M;N;Current
26,17;3,12;54,88;Standard;Discount;49;F;S;N;Current
24;0;67,82;Standard;Discount;48;F;M;N;Closed
20,19;,65;58,18;Standard;Discount;18;M;S;N;Current
25,67;6,35;61,08;Standard;Discount;22;F;S;Y;Closed
22,75;0;59,19;Standard;Discount;29;F;M;N;Current
19,96;10,42;62,12;Standard;Discount;60;F;S;Y;Closed
23,24;0;53,92;Standard;Discount;24;F;M;N;Current
28,4;0;55,62;Standard;Discount;27;M;M;Y;Current
23,15;0;54,02;Standard;Discount;58;F;M;N;Closed
30,1;2,51;60,87;Standard;Discount;64;M;S;N;Current
15,8;5,66;65,07;Standard;Discount;27;M;S;N;Current
24,65;1,78;62,89;Standard;Discount;41;M;M;N;Current
23,07;0;59,78;Standard;Discount;32;F;S;Y;Closed
19,16;8,01;65,46;Standard;Discount;73;M;M;N;Current
16,74;0;55,53;Discount;Discount;29;M;M;Y;Current
23,41;0;55,32;Standard;Discount;31;F;S;Y;Current
28,17;0;57,47;Standard;Discount;65;M;S;N;Current
19,92;4,54;52,15;Standard;Discount;56;M;M;N;Current
17,55;1,92;67,36;Standard;Discount;79;F;S;N;Closed
22,21;0;63,77;Standard;Discount;66;M;S;Y;Current
20,8;3,32;63,44;Standard;Discount;70;F;M;N;Closed
7,06;0;62,62;Standard;Discount;52;F;S;Y;Closed
29,62;0;56,31;Standard;Discount;33;F;M;N;Closed
27,67;3,4;60,75;Standard;Discount;39;M;M;Y;Current
32,3;4,51;64,91;Standard;Discount;50;M;M;Y;Current
28,36;0;69,37;Standard;Discount;25;M;M;N;Closed
12,3;0;61,33;Standard;Discount;53;F;M;N;Current
29,08;0;66,01;Standard;Discount;64;F;M;Y;Closed
30,24;0;60,3;Standard;Discount;47;M;S;Y;Current
18,35;0;58,38;Discount;Discount;59;F;M;Y;Closed
29,56;0;61,17;Standard;Discount;18;F;M;Y;Current
23,55;0;57,97;Standard;Discount;38;F;M;Y;Current
27,13;2,34;70,21;Discount;Discount;63;M;S;Y;Closed
24,18;,92;62,94;Standard;Discount;31;M;S;N;Current
20,1;8,23;52,01;Standard;Discount;71;F;M;N;Current
21,95;10,39;57,99;Discount;Discount;58;M;M;Y;Current
15,36;,96;63,55;Standard;Discount;19;F;M;N;Closed
22,7;0;59,83;Discount;Discount;58;M;S;N;Current
21;0;59,34;Standard;Discount;59;M;M;N;Closed
31,7;0;56,34;Standard;Discount;43;F;M;N;Closed
24,23;0;67,81;Discount;Discount;19;F;M;N;Current
22,98;0;59,91;Standard;Discount;55;F;M;Y;Closed
30,8;0;56,38;Standard;Discount;43;M;S;N;Current
28,58;0;60,79;Discount;Discount;52;F;S;Y;Closed
26,28;4,67;59,88;Standard;Discount;25;F;S;N;Closed
18,83;0;62,5;Discount;Discount;52;M;S;Y;Closed
28,43;13,7;32,96;Discount;Discount;55;F;M;Y;Closed
27,57;6,57;30,68;Discount;Discount;57;F;M;N;Closed
29,04;4,21;22,48;Standard;Discount;41;F;M;Y;Current
21,06;9,04;29,58;Standard;Discount;67;M;S;Y;Current
29,29;14,86;25,81;Discount;Discount;38;F;M;N;Current
25,21;10,44;34,26;Standard;Discount;45;F;S;Y;Closed
25,95;12,1;37,18;Standard;Discount;73;F;M;N;Closed
26,37;16,77;31,25;Standard;Discount;43;M;M;N;Current
33,51;9,98;39,92;Standard;Discount;79;F;S;N;Closed
28,07;3,21;23,04;Standard;Discount;44;F;M;N;Closed
21,73;3,48;30,1;Standard;Discount;21;M;S;N;Closed
24,64;3,91;27,64;Standard;Discount;54;M;M;N;Current
24,64;8,91;29,07;Standard;Discount;37;F;S;N;Closed
28,47;5,11;36,36;Standard;Discount;50;F;M;Y;Current
34,83;8,87;23,29;Standard;Discount;27;M;M;N;Current
36,75;14,47;31,78;Discount;Discount;29;M;S;N;Current
20,98;4,17;32,75;Standard;Discount;56;M;S;N;Current
20,58;19,03;34,13;Discount;Discount;51;M;M;N;Current
22,4;4,87;40,09;Standard;Discount;54;F;M;Y;Closed
27,88;16,79;25,04;Discount;Discount;51;F;S;Y;Closed
26,27;12,18;31,31;Standard;Discount;25;F;S;N;Current
30,99;12,74;29,06;Standard;Discount;67;F;M;N;Current
20,82;12,28;36,45;Standard;Discount;26;M;S;N;Current
23,47;12,47;38,33;Standard;Discount;71;F;S;N;Closed
25,52;15,74;33,1;Standard;Discount;42;M;M;N;Current
25,11;3,12;35,93;Standard;Discount;62;F;S;N;Closed
17,05;10,13;34,84;Standard;Discount;53;M;S;N;Closed
28,71;12,68;31,6;Standard;Discount;20;M;S;N;Current
25,32;15,13;27,3;Standard;Discount;40;F;S;N;Closed
25,84;6,86;33,01;Standard;Discount;66;M;M;Y;Current
28,3;3,68;20,6;Discount;Discount;75;F;M;N;Current
23,15;9,14;33,41;Discount;Discount;74;F;S;N;Current
31,75;12,55;26,22;Standard;Discount;46;F;M;N;Current
16,71;2,87;34,71;Standard;Discount;19;M;M;N;Current
19,48;11,85;27,72;Discount;Discount;30;M;M;N;Current
21,47;7,1;28,01;Standard;Discount;49;M;M;Y;Current
13,81;13,41;34,07;Standard;Discount;32;M;S;Y;Closed
22,77;8,78;28,26;Standard;Discount;34;F;S;N;Current
31,86;9,47;19,72;Discount;Discount;33;F;M;N;Current
38,57;16,64;33,59;Standard;Discount;55;F;M;Y;Closed
13,94;12,61;30,43;Standard;Discount;27;F;S;Y;Closed
26,55;8,89;30,28;Discount;Discount;20;F;M;Y;Current
28,93;8,19;27,99;Standard;Discount;25;M;M;Y;Current
21,74;6,71;25,05;Discount;Discount;29;F;M;Y;Closed
21,04;8,91;25,19;Standard;Discount;51;F;M;N;Closed
30,41;7,54;36,54;Standard;Discount;28;M;M;N;Closed
20,79;11,92;28,66;Discount;Discount;22;M;M;N;Current
22,24;9,49;33,25;Discount;Discount;67;M;S;Y;Current
29,02;14,59;43,54;Discount;Discount;73;F;S;N;Current
16,85;20,96;43,53;Standard;Discount;41;M;S;Y;Current
27,84;7,88;27,05;Standard;Discount;39;F;M;Y;Closed
30,16;7,5;34,58;Standard;Discount;19;F;S;Y;Closed
26,01;6,56;34,75;Standard;Discount;30;M;S;N;Current
21,36;18,47;28,09;Discount;Discount;26;F;S;N;Closed
26,77;18,16;25,37;Standard;Discount;43;M;M;Y;Closed
24,54;27,09;28,49;Standard;Discount;51;M;S;N;Current
24,71;9,16;38,22;Standard;Discount;77;F;M;Y;Closed
24,26;1,98;24,63;Standard;Discount;54;F;S;Y;Closed
19,83;10,81;31,35;Standard;Discount;60;M;M;N;Current
32,8;10,2;26,71;Standard;Discount;42;M;S;N;Current
25,19;9,02;27,1;Standard;Discount;40;F;M;Y;Current
20,35;14,29;34,64;Standard;Discount;32;F;S;N;Closed
29,28;10,27;35,7;Standard;Discount;46;F;M;N;Closed
29,17;8,88;28,7;Discount;Discount;20;M;M;N;Closed
26,28;8,63;32,99;Standard;Discount;51;F;S;N;Closed
13,43;12,97;27,99;Standard;Discount;47;M;S;N;Closed
30,56;9,62;32,98;Standard;Discount;46;F;M;Y;Closed
27,86;11,63;23,85;Discount;Discount;18;F;M;N;Closed
27,64;13,91;28,98;Standard;Discount;24;M;S;N;Closed
12,99;16,5;35,29;Standard;Discount;70;M;S;Y;Current
12,23;4,94;34,43;Standard;Discount;49;F;S;N;Closed
28,31;16,94;27,28;Standard;Discount;53;F;M;N;Current
30,16;0;27,93;Standard;Discount;77;F;M;N;Closed
28,68;7,41;27,14;Standard;Discount;46;M;M;N;Current
29,08;6,38;34,17;Standard;Discount;53;F;M;N;Closed
26;0;34,21;Standard;Discount;76;M;S;Y;Current
16,13;4,88;34,66;Standard;Discount;41;F;M;N;Closed
27,01;10,2;33,45;Standard;Discount;22;F;S;Y;Closed
31,7;12,57;29,81;Standard;Discount;51;F;M;N;Closed
21,22;5,35;28,69;Standard;Discount;64;F;S;N;Closed
23,5;10,31;34,39;Standard;Discount;39;M;M;N;Current
24;10,11;40,58;Standard;Discount;44;F;S;N;Closed
15,52;7,46;33,13;Standard;Discount;22;F;M;Y;Current
26,66;7,64;36,81;Discount;Discount;26;F;M;N;Closed
25,13;12,22;24,27;Discount;Discount;78;M;M;Y;Current
26,8;9,03;36,04;Standard;Discount;40;M;M;N;Current
24,81;7,64;31,35;Standard;Discount;32;M;M;Y;Current
21,47;14,23;27,7;Standard;Discount;64;M;M;N;Closed
18,63;7,05;26,53;Standard;Discount;18;M;S;N;Current
17,06;9,09;28,28;Standard;Discount;55;F;S;Y;Closed
26,23;18,19;28,64;Standard;Discount;47;M;S;N;Current
22,08;7;26,46;Standard;Discount;69;M;M;N;Current
16,81;,51;35,71;Standard;Discount;77;F;S;Y;Closed
24,52;13,29;22,34;Standard;Discount;47;F;M;N;Current
24,32;5,52;21,47;Standard;Discount;40;M;M;N;Current
20,1;17,65;31,29;Standard;Discount;68;M;M;Y;Closed
27,03;5,15;36,88;Standard;Discount;49;M;S;N;Current
24,95;12,78;35,88;Standard;Discount;45;F;M;N;Current
26,98;13,33;31,49;Standard;Discount;49;F;M;N;Closed
20,35;7,43;26,83;Standard;Discount;26;F;S;N;Closed
28,7;10,15;32,04;Standard;Discount;18;F;S;N;Closed
24,13;14,48;25,57;Standard;Discount;18;F;M;N;Current
26,05;3,61;25,6;Standard;Discount;32;M;S;N;Current
30,51;8,82;29,47;Discount;Discount;50;F;S;N;Closed
25,36;3,72;27,91;Standard;Discount;66;F;M;N;Closed
36,07;10,59;27,14;Standard;Discount;65;F;M;N;Closed
22,05;5,86;22,3;Standard;Discount;42;F;S;Y;Closed
28,05;18,18;27,01;Standard;Discount;39;F;M;N;Closed
28,59;6,98;30,04;Standard;Discount;61;F;S;Y;Closed
26,92;8,87;32,33;Standard;Discount;42;F;M;Y;Closed
27,5;6,67;35,33;Discount;Discount;70;F;S;N;Closed
24,36;23,38;33,1;Standard;Discount;51;F;M;N;Closed
17,72;7,62;28,33;Standard;Discount;67;M;M;Y;Closed
25,91;14,89;27,5;Standard;Discount;23;F;S;N;Closed
18,97;12,62;20,08;Standard;Discount;42;F;M;N;Current
19,7;19,07;30,62;Standard;Discount;45;F;S;Y;Closed
26,02;10,19;23,49;Standard;Discount;22;M;M;Y;Current
29,59;9,99;31,62;Discount;Discount;54;M;M;N;Current
20,74;14,98;32,75;Discount;Discount;35;F;M;N;Closed
24,92;6,65;19,75;Discount;Discount;47;M;S;Y;Current
27,54;6,23;30,69;Standard;Discount;79;M;S;N;Current
26,19;13,13;23,24;Standard;Discount;34;M;M;Y;Current
26,08;9,29;25,02;Standard;Discount;66;F;S;N;Closed
20,77;21,32;26,88;Standard;Discount;26;M;S;Y;Closed
16,57;14,68;32,79;Standard;Discount;34;M;M;Y;Current
23,12;9,65;24,01;Discount;Discount;44;F;S;N;Current
22,9;11,43;32,52;Discount;Discount;62;M;M;Y;Closed
22,75;2,71;34,02;Standard;Discount;56;F;S;Y;Closed
11,92;9,27;31,51;Standard;Discount;61;M;M;Y;Current
26,71;16,76;32,72;Standard;Discount;41;F;S;N;Closed
21,23;7,3;22,98;Standard;Discount;39;F;M;N;Current
31,74;7,34;23,08;Standard;Discount;56;F;M;Y;Closed
25,08;7,8;36,03;Standard;Discount;48;F;M;N;Closed
24,99;11,94;33,28;Standard;Discount;46;M;S;Y;Current
24,6;16,95;33,24;Discount;Discount;70;M;M;Y;Closed
28,4;8,67;28,65;Standard;Discount;30;F;M;N;Current
17,87;8,23;27,24;Standard;Discount;76;M;S;N;Current
25,96;9,16;26,35;Discount;Discount;69;F;M;N;Closed
28,2;16,27;27,87;Standard;Discount;36;M;M;N;Current
23,4;11,27;37,86;Standard;Discount;55;F;S;Y;Closed
22,77;7,59;33,76;Standard;Discount;18;M;M;N;Current
